millis,node,x,y,rssi,distance,target_x,target_y
9,2,12.5,0,-63.5639,12.492,12.492,12.492
9,4,25,12.5,-63.5649,12.508,12.492,12.492
9,5,0,12.5,-63.5639,12.492,12.492,12.492
9,7,12.5,25,-63.5649,12.508,12.492,12.492
9,1,0,0,-68.0793,17.6664,12.492,12.492
9,3,25,0,-68.0799,17.6777,12.492,12.492
9,6,0,25,-68.0799,17.6777,12.492,12.492
9,8,25,25,-68.0804,17.689,12.492,12.492
108,2,12.5,0,-63.4722,12.4044,12.4041,12.4041
108,5,0,12.5,-63.4722,12.4044,12.4041,12.4041
108,4,25,12.5,-63.6566,12.5963,12.4041,12.4041
108,7,12.5,25,-63.6566,12.5963,12.4041,12.4041
108,1,0,0,-67.9873,17.542,12.4041,12.4041
108,3,25,0,-68.0802,17.6782,12.4041,12.4041
108,6,0,25,-68.0802,17.6782,12.4041,12.4041
108,8,25,25,-68.1717,17.8133,12.4041,12.4041
208,2,12.5,0,-63.3801,12.3171,12.3157,12.3157
208,5,0,12.5,-63.3801,12.3171,12.3157,12.3157
208,4,25,12.5,-63.7487,12.6857,12.3157,12.3157
208,7,12.5,25,-63.7487,12.6857,12.3157,12.3157
208,1,0,0,-67.8942,17.417,12.3157,12.3157
208,3,25,0,-68.0812,17.6796,12.3157,12.3157
208,6,0,25,-68.0812,17.6796,12.3157,12.3157
208,8,25,25,-68.2629,17.9383,12.3157,12.3157
308,2,12.5,0,-63.2881,12.2303,12.2273,12.2273
308,5,0,12.5,-63.2881,12.2303,12.2273,12.2273
308,4,25,12.5,-63.8407,12.7756,12.2273,12.2273
308,7,12.5,25,-63.8407,12.7756,12.2273,12.2273
308,1,0,0,-67.8004,17.292,12.2273,12.2273
308,3,25,0,-68.0828,17.6819,12.2273,12.2273
308,6,0,25,-68.0828,17.6819,12.2273,12.2273
308,8,25,25,-68.3534,18.0633,12.2273,12.2273
408,2,12.5,0,-63.196,12.1443,12.1389,12.1389
408,5,0,12.5,-63.196,12.1443,12.1389,12.1389
408,4,25,12.5,-63.9328,12.8662,12.1389,12.1389
408,7,12.5,25,-63.9328,12.8662,12.1389,12.1389
408,1,0,0,-67.706,17.167,12.1389,12.1389
408,3,25,0,-68.0851,17.685,12.1389,12.1389
408,6,0,25,-68.0851,17.685,12.1389,12.1389
408,8,25,25,-68.4433,18.1883,12.1389,12.1389
508,2,12.5,0,-63.1041,12.0589,12.0505,12.0505
508,5,0,12.5,-63.1041,12.0589,12.0505,12.0505
508,4,25,12.5,-64.0247,12.9573,12.0505,12.0505
508,7,12.5,25,-64.0247,12.9573,12.0505,12.0505
508,1,0,0,-67.6108,17.042,12.0505,12.0505
508,3,25,0,-68.088,17.6891,12.0505,12.0505
508,6,0,25,-68.088,17.6891,12.0505,12.0505
508,8,25,25,-68.5326,18.3133,12.0505,12.0505
608,2,12.5,0,-63.0123,11.9742,11.9621,11.9621
608,5,0,12.5,-63.0123,11.9742,11.9621,11.9621
608,4,25,12.5,-64.1166,13.049,11.9621,11.9621
608,7,12.5,25,-64.1166,13.049,11.9621,11.9621
608,1,0,0,-67.515,16.917,11.9621,11.9621
608,3,25,0,-68.0916,17.694,11.9621,11.9621
608,6,0,25,-68.0916,17.694,11.9621,11.9621
608,8,25,25,-68.6213,18.4383,11.9621,11.9621
708,2,12.5,0,-62.9206,11.8902,11.8737,11.8737
708,5,0,12.5,-62.9206,11.8902,11.8737,11.8737
708,4,25,12.5,-64.2084,13.1412,11.8737,11.8737
708,7,12.5,25,-64.2084,13.1412,11.8737,11.8737
708,1,0,0,-67.4184,16.792,11.8737,11.8737
708,3,25,0,-68.0958,17.6998,11.8737,11.8737
708,6,0,25,-68.0958,17.6998,11.8737,11.8737
708,8,25,25,-68.7093,18.5633,11.8737,11.8737
808,2,12.5,0,-62.829,11.807,11.7854,11.7854
808,5,0,12.5,-62.829,11.807,11.7854,11.7854
808,4,25,12.5,-64.3,13.234,11.7854,11.7854
808,7,12.5,25,-64.3,13.234,11.7854,11.7854
808,1,0,0,-67.3211,16.667,11.7854,11.7854
808,3,25,0,-68.1007,17.7065,11.7854,11.7854
808,6,0,25,-68.1007,17.7065,11.7854,11.7854
808,8,25,25,-68.7968,18.6883,11.7854,11.7854
908,2,12.5,0,-62.7377,11.7245,11.697,11.697
908,5,0,12.5,-62.7377,11.7245,11.697,11.697
908,4,25,12.5,-64.3916,13.3273,11.697,11.697
908,7,12.5,25,-64.3916,13.3273,11.697,11.697
908,1,0,0,-67.2231,16.542,11.697,11.697
908,3,25,0,-68.1062,17.7141,11.697,11.697
908,6,0,25,-68.1062,17.7141,11.697,11.697
908,8,25,25,-68.8837,18.8133,11.697,11.697
1008,2,12.5,0,-62.6465,11.6428,11.6086,11.6086
1008,5,0,12.5,-62.6465,11.6428,11.6086,11.6086
1008,4,25,12.5,-64.483,13.4211,11.6086,11.6086
1008,7,12.5,25,-64.483,13.4211,11.6086,11.6086
1008,1,0,0,-67.1243,16.417,11.6086,11.6086
1008,3,25,0,-68.1123,17.7226,11.6086,11.6086
1008,6,0,25,-68.1123,17.7226,11.6086,11.6086
1008,8,25,25,-68.9701,18.9383,11.6086,11.6086
1108,2,12.5,0,-62.5555,11.5618,11.5202,11.5202
1108,5,0,12.5,-62.5555,11.5618,11.5202,11.5202
1108,4,25,12.5,-64.5742,13.5154,11.5202,11.5202
1108,7,12.5,25,-64.5742,13.5154,11.5202,11.5202
1108,1,0,0,-67.0248,16.292,11.5202,11.5202
1108,3,25,0,-68.1191,17.7319,11.5202,11.5202
1108,6,0,25,-68.1191,17.7319,11.5202,11.5202
1108,8,25,25,-69.0558,19.0633,11.5202,11.5202
1208,2,12.5,0,-62.4648,11.4816,11.4318,11.4318
1208,5,0,12.5,-62.4648,11.4816,11.4318,11.4318
1208,4,25,12.5,-64.6653,13.6102,11.4318,11.4318
1208,7,12.5,25,-64.6653,13.6102,11.4318,11.4318
1208,1,0,0,-66.9245,16.167,11.4318,11.4318
1208,3,25,0,-68.1266,17.7421,11.4318,11.4318
1208,6,0,25,-68.1266,17.7421,11.4318,11.4318
1208,8,25,25,-69.141,19.1883,11.4318,11.4318
1308,2,12.5,0,-62.3744,11.4022,11.3434,11.3434
1308,5,0,12.5,-62.3744,11.4022,11.3434,11.3434
1308,4,25,12.5,-64.7562,13.7055,11.3434,11.3434
1308,7,12.5,25,-64.7562,13.7055,11.3434,11.3434
1308,1,0,0,-66.8235,16.042,11.3434,11.3434
1308,3,25,0,-68.1347,17.7532,11.3434,11.3434
1308,6,0,25,-68.1347,17.7532,11.3434,11.3434
1308,8,25,25,-69.2257,19.3133,11.3434,11.3434
1408,2,12.5,0,-62.2843,11.3237,11.255,11.255
1408,5,0,12.5,-62.2843,11.3237,11.255,11.255
1408,4,25,12.5,-64.847,13.8012,11.255,11.255
1408,7,12.5,25,-64.847,13.8012,11.255,11.255
1408,1,0,0,-66.7216,15.917,11.255,11.255
1408,3,25,0,-68.1434,17.7651,11.255,11.255
1408,6,0,25,-68.1434,17.7651,11.255,11.255
1408,8,25,25,-69.3098,19.4383,11.255,11.255
1508,2,12.5,0,-62.1946,11.246,11.1666,11.1666
1508,5,0,12.5,-62.1946,11.246,11.1666,11.1666
1508,4,25,12.5,-64.9375,13.8975,11.1666,11.1666
1508,7,12.5,25,-64.9375,13.8975,11.1666,11.1666
1508,1,0,0,-66.619,15.792,11.1666,11.1666
1508,3,25,0,-68.1527,17.778,11.1666,11.1666
1508,6,0,25,-68.1527,17.778,11.1666,11.1666
1508,8,25,25,-69.3933,19.5633,11.1666,11.1666
1608,2,12.5,0,-62.1052,11.1691,11.0782,11.0782
1608,5,0,12.5,-62.1052,11.1691,11.0782,11.0782
1608,4,25,12.5,-65.0279,13.9942,11.0782,11.0782
1608,7,12.5,25,-65.0279,13.9942,11.0782,11.0782
1608,1,0,0,-66.5155,15.667,11.0782,11.0782
1608,3,25,0,-68.1627,17.7916,11.0782,11.0782
1608,6,0,25,-68.1627,17.7916,11.0782,11.0782
1608,8,25,25,-69.4764,19.6883,11.0782,11.0782
1708,2,12.5,0,-62.0162,11.0931,10.9899,10.9899
1708,5,0,12.5,-62.0162,11.0931,10.9899,10.9899
1708,4,25,12.5,-65.118,14.0913,10.9899,10.9899
1708,7,12.5,25,-65.118,14.0913,10.9899,10.9899
1708,1,0,0,-66.4112,15.542,10.9899,10.9899
1708,3,25,0,-68.1733,17.8062,10.9899,10.9899
1708,6,0,25,-68.1733,17.8062,10.9899,10.9899
1708,8,25,25,-69.5589,19.8133,10.9899,10.9899
1808,2,12.5,0,-61.9277,11.018,10.9015,10.9015
1808,5,0,12.5,-61.9277,11.018,10.9015,10.9015
1808,4,25,12.5,-65.2079,14.1889,10.9015,10.9015
1808,7,12.5,25,-65.2079,14.1889,10.9015,10.9015
1808,1,0,0,-66.3061,15.417,10.9015,10.9015
1808,3,25,0,-68.1845,17.8216,10.9015,10.9015
1808,6,0,25,-68.1845,17.8216,10.9015,10.9015
1808,8,25,25,-69.6408,19.9383,10.9015,10.9015
1908,2,12.5,0,-61.8397,10.9439,10.8131,10.8131
1908,5,0,12.5,-61.8397,10.9439,10.8131,10.8131
1908,4,25,12.5,-65.2976,14.2869,10.8131,10.8131
1908,7,12.5,25,-65.2976,14.2869,10.8131,10.8131
1908,1,0,0,-66.2001,15.292,10.8131,10.8131
1908,3,25,0,-68.1964,17.8379,10.8131,10.8131
1908,6,0,25,-68.1964,17.8379,10.8131,10.8131
1908,8,25,25,-69.7223,20.0633,10.8131,10.8131
2008,2,12.5,0,-61.7521,10.8706,10.7247,10.7247
2008,5,0,12.5,-61.7521,10.8706,10.7247,10.7247
2008,4,25,12.5,-65.3871,14.3853,10.7247,10.7247
2008,7,12.5,25,-65.3871,14.3853,10.7247,10.7247
2008,1,0,0,-66.0932,15.167,10.7247,10.7247
2008,3,25,0,-68.2089,17.8551,10.7247,10.7247
2008,6,0,25,-68.2089,17.8551,10.7247,10.7247
2008,8,25,25,-69.8033,20.1883,10.7247,10.7247
2108,2,12.5,0,-61.6652,10.7983,10.6363,10.6363
2108,5,0,12.5,-61.6652,10.7983,10.6363,10.6363
2108,4,25,12.5,-65.4763,14.4841,10.6363,10.6363
2108,7,12.5,25,-65.4763,14.4841,10.6363,10.6363
2108,1,0,0,-65.9855,15.042,10.6363,10.6363
2108,3,25,0,-68.2219,17.8731,10.6363,10.6363
2108,6,0,25,-68.2219,17.8731,10.6363,10.6363
2108,8,25,25,-69.8837,20.3133,10.6363,10.6363
2208,2,12.5,0,-61.5788,10.727,10.5479,10.5479
2208,5,0,12.5,-61.5788,10.727,10.5479,10.5479
2208,4,25,12.5,-65.5653,14.5833,10.5479,10.5479
2208,7,12.5,25,-65.5653,14.5833,10.5479,10.5479
2208,1,0,0,-65.8768,14.917,10.5479,10.5479
2208,3,25,0,-68.2356,17.8919,10.5479,10.5479
2208,6,0,25,-68.2356,17.8919,10.5479,10.5479
2208,8,25,25,-69.9637,20.4383,10.5479,10.5479
2308,2,12.5,0,-61.493,10.6567,10.4595,10.4595
2308,5,0,12.5,-61.493,10.6567,10.4595,10.4595
2308,1,0,0,-65.7672,14.792,10.4595,10.4595
2308,4,25,12.5,-65.654,14.6829,10.4595,10.4595
2308,7,12.5,25,-65.654,14.6829,10.4595,10.4595
2308,3,25,0,-68.2499,17.9116,10.4595,10.4595
2308,6,0,25,-68.2499,17.9116,10.4595,10.4595
2308,8,25,25,-70.0432,20.5633,10.4595,10.4595
2408,2,12.5,0,-61.4079,10.5874,10.3711,10.3711
2408,5,0,12.5,-61.4079,10.5874,10.3711,10.3711
2408,1,0,0,-65.6568,14.667,10.3711,10.3711
2408,4,25,12.5,-65.7424,14.7829,10.3711,10.3711
2408,7,12.5,25,-65.7424,14.7829,10.3711,10.3711
2408,3,25,0,-68.2648,17.9322,10.3711,10.3711
2408,6,0,25,-68.2648,17.9322,10.3711,10.3711
2408,8,25,25,-70.1222,20.6883,10.3711,10.3711
2508,2,12.5,0,-61.3236,10.5191,10.2828,10.2828
2508,5,0,12.5,-61.3236,10.5191,10.2828,10.2828
2508,1,0,0,-65.5453,14.542,10.2828,10.2828
2508,4,25,12.5,-65.8306,14.8833,10.2828,10.2828
2508,7,12.5,25,-65.8306,14.8833,10.2828,10.2828
2508,3,25,0,-68.2803,17.9536,10.2828,10.2828
2508,6,0,25,-68.2803,17.9536,10.2828,10.2828
2508,8,25,25,-70.2007,20.8133,10.2828,10.2828
2608,2,12.5,0,-61.2399,10.4518,10.1944,10.1944
2608,5,0,12.5,-61.2399,10.4518,10.1944,10.1944
2608,1,0,0,-65.4329,14.417,10.1944,10.1944
2608,4,25,12.5,-65.9186,14.9841,10.1944,10.1944
2608,7,12.5,25,-65.9186,14.9841,10.1944,10.1944
2608,3,25,0,-68.2964,17.9759,10.1944,10.1944
2608,6,0,25,-68.2964,17.9759,10.1944,10.1944
2608,8,25,25,-70.2788,20.9383,10.1944,10.1944
2708,2,12.5,0,-61.1571,10.3857,10.106,10.106
2708,5,0,12.5,-61.1571,10.3857,10.106,10.106
2708,1,0,0,-65.3196,14.292,10.106,10.106
2708,4,25,12.5,-66.0062,15.0852,10.106,10.106
2708,7,12.5,25,-66.0062,15.0852,10.106,10.106
2708,3,25,0,-68.3131,17.999,10.106,10.106
2708,6,0,25,-68.3131,17.999,10.106,10.106
2708,8,25,25,-70.3564,21.0633,10.106,10.106
2808,2,12.5,0,-61.0751,10.3206,10.0176,10.0176
2808,5,0,12.5,-61.0751,10.3206,10.0176,10.0176
2808,1,0,0,-65.2052,14.167,10.0176,10.0176
2808,4,25,12.5,-66.0936,15.1867,10.0176,10.0176
2808,7,12.5,25,-66.0936,15.1867,10.0176,10.0176
2808,3,25,0,-68.3303,18.0229,10.0176,10.0176
2808,6,0,25,-68.3303,18.0229,10.0176,10.0176
2808,8,25,25,-70.4335,21.1883,10.0176,10.0176
2908,2,12.5,0,-60.994,10.2566,9.9292,9.9292
2908,5,0,12.5,-60.994,10.2566,9.9292,9.9292
2908,1,0,0,-65.0898,14.042,9.9292,9.9292
2908,4,25,12.5,-66.1807,15.2885,9.9292,9.9292
2908,7,12.5,25,-66.1807,15.2885,9.9292,9.9292
2908,3,25,0,-68.3482,18.0477,9.9292,9.9292
2908,6,0,25,-68.3482,18.0477,9.9292,9.9292
2908,8,25,25,-70.5102,21.3133,9.9292,9.9292
3008,2,12.5,0,-60.9139,10.1938,9.84081,9.84081
3008,5,0,12.5,-60.9139,10.1938,9.84081,9.84081
3008,1,0,0,-64.9734,13.917,9.84081,9.84081
3008,4,25,12.5,-66.2675,15.3907,9.84081,9.84081
3008,7,12.5,25,-66.2675,15.3907,9.84081,9.84081
3008,3,25,0,-68.3666,18.0733,9.84081,9.84081
3008,6,0,25,-68.3666,18.0733,9.84081,9.84081
3008,8,25,25,-70.5864,21.4383,9.84081,9.84081
3108,2,12.5,0,-60.8347,10.1321,9.75242,9.75242
3108,5,0,12.5,-60.8347,10.1321,9.75242,9.75242
3108,1,0,0,-64.8559,13.792,9.75242,9.75242
3108,4,25,12.5,-66.354,15.4932,9.75242,9.75242
3108,7,12.5,25,-66.354,15.4932,9.75242,9.75242
3108,3,25,0,-68.3856,18.0997,9.75242,9.75242
3108,6,0,25,-68.3856,18.0997,9.75242,9.75242
3108,8,25,25,-70.6622,21.5633,9.75242,9.75242
3208,2,12.5,0,-60.7566,10.0716,9.66403,9.66403
3208,5,0,12.5,-60.7566,10.0716,9.66403,9.66403
3208,1,0,0,-64.7374,13.667,9.66403,9.66403
3208,4,25,12.5,-66.4402,15.596,9.66403,9.66403
3208,7,12.5,25,-66.4402,15.596,9.66403,9.66403
3208,3,25,0,-68.4051,18.1269,9.66403,9.66403
3208,6,0,25,-68.4051,18.1269,9.66403,9.66403
3208,8,25,25,-70.7375,21.6883,9.66403,9.66403
3308,2,12.5,0,-60.6795,10.0122,9.57564,9.57564
3308,5,0,12.5,-60.6795,10.0122,9.57564,9.57564
3308,1,0,0,-64.6178,13.542,9.57564,9.57564
3308,4,25,12.5,-66.5261,15.6991,9.57564,9.57564
3308,7,12.5,25,-66.5261,15.6991,9.57564,9.57564
3308,3,25,0,-68.4253,18.155,9.57564,9.57564
3308,6,0,25,-68.4253,18.155,9.57564,9.57564
3308,8,25,25,-70.8124,21.8133,9.57564,9.57564
3408,2,12.5,0,-60.6036,9.95413,9.48726,9.48726
3408,5,0,12.5,-60.6036,9.95413,9.48726,9.48726
3408,1,0,0,-64.4971,13.417,9.48726,9.48726
3408,4,25,12.5,-66.6117,15.8026,9.48726,9.48726
3408,7,12.5,25,-66.6117,15.8026,9.48726,9.48726
3408,3,25,0,-68.4459,18.1839,9.48726,9.48726
3408,6,0,25,-68.4459,18.1839,9.48726,9.48726
3408,8,25,25,-70.8869,21.9383,9.48726,9.48726
3508,2,12.5,0,-60.5288,9.89726,9.39887,9.39887
3508,5,0,12.5,-60.5288,9.89726,9.39887,9.39887
3508,1,0,0,-64.3752,13.292,9.39887,9.39887
3508,4,25,12.5,-66.697,15.9064,9.39887,9.39887
3508,7,12.5,25,-66.697,15.9064,9.39887,9.39887
3508,3,25,0,-68.4671,18.2136,9.39887,9.39887
3508,6,0,25,-68.4671,18.2136,9.39887,9.39887
3508,8,25,25,-70.961,22.0633,9.39887,9.39887
3608,2,12.5,0,-60.4553,9.84165,9.31048,9.31048
3608,5,0,12.5,-60.4553,9.84165,9.31048,9.31048
3608,1,0,0,-64.2522,13.167,9.31048,9.31048
3608,4,25,12.5,-66.782,16.0104,9.31048,9.31048
3608,7,12.5,25,-66.782,16.0104,9.31048,9.31048
3608,3,25,0,-68.4889,18.2441,9.31048,9.31048
3608,6,0,25,-68.4889,18.2441,9.31048,9.31048
3608,8,25,25,-71.0346,22.1883,9.31048,9.31048
3708,2,12.5,0,-60.3831,9.78732,9.22209,9.22209
3708,5,0,12.5,-60.3831,9.78732,9.22209,9.22209
3708,1,0,0,-64.128,13.042,9.22209,9.22209
3708,4,25,12.5,-66.8667,16.1148,9.22209,9.22209
3708,7,12.5,25,-66.8667,16.1148,9.22209,9.22209
3708,3,25,0,-68.5112,18.2754,9.22209,9.22209
3708,6,0,25,-68.5112,18.2754,9.22209,9.22209
3708,8,25,25,-71.1078,22.3133,9.22209,9.22209
3808,2,12.5,0,-60.3122,9.73429,9.1337,9.1337
3808,5,0,12.5,-60.3122,9.73429,9.1337,9.1337
3808,1,0,0,-64.0026,12.917,9.1337,9.1337
3808,4,25,12.5,-66.9511,16.2195,9.1337,9.1337
3808,7,12.5,25,-66.9511,16.2195,9.1337,9.1337
3808,3,25,0,-68.534,18.3075,9.1337,9.1337
3808,6,0,25,-68.534,18.3075,9.1337,9.1337
3808,8,25,25,-71.1807,22.4383,9.1337,9.1337
3908,2,12.5,0,-60.2427,9.68259,9.04531,9.04531
3908,5,0,12.5,-60.2427,9.68259,9.04531,9.04531
3908,1,0,0,-63.8761,12.792,9.04531,9.04531
3908,4,25,12.5,-67.0351,16.3244,9.04531,9.04531
3908,7,12.5,25,-67.0351,16.3244,9.04531,9.04531
3908,3,25,0,-68.5573,18.3404,9.04531,9.04531
3908,6,0,25,-68.5573,18.3404,9.04531,9.04531
3908,8,25,25,-71.2531,22.5633,9.04531,9.04531
4008,2,12.5,0,-60.1746,9.63223,8.95693,8.95693
4008,5,0,12.5,-60.1746,9.63223,8.95693,8.95693
4008,1,0,0,-63.7482,12.667,8.95693,8.95693
4008,4,25,12.5,-67.1189,16.4297,8.95693,8.95693
4008,7,12.5,25,-67.1189,16.4297,8.95693,8.95693
4008,3,25,0,-68.5812,18.3741,8.95693,8.95693
4008,6,0,25,-68.5812,18.3741,8.95693,8.95693
4008,8,25,25,-71.3251,22.6883,8.95693,8.95693
4108,2,12.5,0,-60.108,9.58324,8.86854,8.86854
4108,5,0,12.5,-60.108,9.58324,8.86854,8.86854
4108,1,0,0,-63.6191,12.542,8.86854,8.86854
4108,4,25,12.5,-67.2023,16.5352,8.86854,8.86854
4108,7,12.5,25,-67.2023,16.5352,8.86854,8.86854
4108,3,25,0,-68.6056,18.4086,8.86854,8.86854
4108,6,0,25,-68.6056,18.4086,8.86854,8.86854
4108,8,25,25,-71.3967,22.8133,8.86854,8.86854
4208,2,12.5,0,-60.043,9.53563,8.78015,8.78015
4208,5,0,12.5,-60.043,9.53563,8.78015,8.78015
4208,1,0,0,-63.4887,12.417,8.78015,8.78015
4208,4,25,12.5,-67.2854,16.6409,8.78015,8.78015
4208,7,12.5,25,-67.2854,16.6409,8.78015,8.78015
4208,3,25,0,-68.6305,18.4438,8.78015,8.78015
4208,6,0,25,-68.6305,18.4438,8.78015,8.78015
4208,8,25,25,-71.4679,22.9383,8.78015,8.78015
4308,2,12.5,0,-59.9796,9.48944,8.69176,8.69176
4308,5,0,12.5,-59.9796,9.48944,8.69176,8.69176
4308,1,0,0,-63.357,12.292,8.69176,8.69176
4308,4,25,12.5,-67.3682,16.747,8.69176,8.69176
4308,7,12.5,25,-67.3682,16.747,8.69176,8.69176
4308,3,25,0,-68.6559,18.4799,8.69176,8.69176
4308,6,0,25,-68.6559,18.4799,8.69176,8.69176
4308,8,25,25,-71.5388,23.0633,8.69176,8.69176
4408,2,12.5,0,-59.9179,9.44467,8.60337,8.60337
4408,5,0,12.5,-59.9179,9.44467,8.60337,8.60337
4408,1,0,0,-63.224,12.167,8.60337,8.60337
4408,4,25,12.5,-67.4507,16.8533,8.60337,8.60337
4408,7,12.5,25,-67.4507,16.8533,8.60337,8.60337
4408,3,25,0,-68.6818,18.5167,8.60337,8.60337
4408,6,0,25,-68.6818,18.5167,8.60337,8.60337
4408,8,25,25,-71.6092,23.1883,8.60337,8.60337
4508,2,12.5,0,-59.8578,9.40135,8.51498,8.51498
4508,5,0,12.5,-59.8578,9.40135,8.51498,8.51498
4508,1,0,0,-63.0895,12.042,8.51498,8.51498
4508,4,25,12.5,-67.5328,16.9598,8.51498,8.51498
4508,7,12.5,25,-67.5328,16.9598,8.51498,8.51498
4508,3,25,0,-68.7082,18.5543,8.51498,8.51498
4508,6,0,25,-68.7082,18.5543,8.51498,8.51498
4508,8,25,25,-71.6793,23.3133,8.51498,8.51498
4608,2,12.5,0,-59.7995,9.35949,8.4266,8.4266
4608,5,0,12.5,-59.7995,9.35949,8.4266,8.4266
4608,1,0,0,-62.9537,11.917,8.4266,8.4266
4608,4,25,12.5,-67.6146,17.0666,8.4266,8.4266
4608,7,12.5,25,-67.6146,17.0666,8.4266,8.4266
4608,3,25,0,-68.735,18.5926,8.4266,8.4266
4608,6,0,25,-68.735,18.5926,8.4266,8.4266
4608,8,25,25,-71.749,23.4383,8.4266,8.4266
4708,2,12.5,0,-59.7431,9.31913,8.33821,8.33821
4708,5,0,12.5,-59.7431,9.31913,8.33821,8.33821
4708,1,0,0,-62.8164,11.792,8.33821,8.33821
4708,4,25,12.5,-67.6961,17.1737,8.33821,8.33821
4708,7,12.5,25,-67.6961,17.1737,8.33821,8.33821
4708,3,25,0,-68.7623,18.6317,8.33821,8.33821
4708,6,0,25,-68.7623,18.6317,8.33821,8.33821
4708,8,25,25,-71.8183,23.5633,8.33821,8.33821
4808,2,12.5,0,-59.6885,9.28028,8.24982,8.24982
4808,5,0,12.5,-59.6885,9.28028,8.24982,8.24982
4808,1,0,0,-62.6777,11.667,8.24982,8.24982
4808,4,25,12.5,-67.7773,17.281,8.24982,8.24982
4808,7,12.5,25,-67.7773,17.281,8.24982,8.24982
4808,3,25,0,-68.7902,18.6716,8.24982,8.24982
4808,6,0,25,-68.7902,18.6716,8.24982,8.24982
4808,8,25,25,-71.8873,23.6883,8.24982,8.24982
4908,2,12.5,0,-59.6358,9.24295,8.16143,8.16143
4908,5,0,12.5,-59.6358,9.24295,8.16143,8.16143
4908,1,0,0,-62.5375,11.542,8.16143,8.16143
4908,4,25,12.5,-67.8581,17.3885,8.16143,8.16143
4908,7,12.5,25,-67.8581,17.3885,8.16143,8.16143
4908,3,25,0,-68.8184,18.7122,8.16143,8.16143
4908,6,0,25,-68.8184,18.7122,8.16143,8.16143
4908,8,25,25,-71.9559,23.8133,8.16143,8.16143
5008,2,12.5,0,-59.5851,9.20717,8.07304,8.07304
5008,5,0,12.5,-59.5851,9.20717,8.07304,8.07304
5008,1,0,0,-62.3958,11.417,8.07304,8.07304
5008,4,25,12.5,-67.9387,17.4963,8.07304,8.07304
5008,7,12.5,25,-67.9387,17.4963,8.07304,8.07304
5008,3,25,0,-68.8472,18.7536,8.07304,8.07304
5008,6,0,25,-68.8472,18.7536,8.07304,8.07304
5008,8,25,25,-72.0241,23.9383,8.07304,8.07304
5108,2,12.5,0,-59.5364,9.17295,7.98465,7.98465
5108,5,0,12.5,-59.5364,9.17295,7.98465,7.98465
5108,1,0,0,-62.2525,11.292,7.98465,7.98465
5108,4,25,12.5,-68.0189,17.6043,7.98465,7.98465
5108,7,12.5,25,-68.0189,17.6043,7.98465,7.98465
5108,3,25,0,-68.8763,18.7957,7.98465,7.98465
5108,6,0,25,-68.8763,18.7957,7.98465,7.98465
5108,8,25,25,-72.092,24.0633,7.98465,7.98465
5208,2,12.5,0,-59.4898,9.14032,7.89627,7.89627
5208,5,0,12.5,-59.4898,9.14032,7.89627,7.89627
5208,1,0,0,-62.1076,11.167,7.89627,7.89627
5208,4,25,12.5,-68.0987,17.7125,7.89627,7.89627
5208,7,12.5,25,-68.0987,17.7125,7.89627,7.89627
5208,3,25,0,-68.906,18.8385,7.89627,7.89627
5208,6,0,25,-68.906,18.8385,7.89627,7.89627
5208,8,25,25,-72.1596,24.1883,7.89627,7.89627
5308,2,12.5,0,-59.4453,9.10928,7.80788,7.80788
5308,5,0,12.5,-59.4453,9.10928,7.80788,7.80788
5308,1,0,0,-61.961,11.042,7.80788,7.80788
5308,4,25,12.5,-68.1783,17.8209,7.80788,7.80788
5308,7,12.5,25,-68.1783,17.8209,7.80788,7.80788
5308,3,25,0,-68.936,18.8821,7.80788,7.80788
5308,6,0,25,-68.936,18.8821,7.80788,7.80788
5308,8,25,25,-72.2268,24.3133,7.80788,7.80788
5408,2,12.5,0,-59.403,9.07986,7.71949,7.71949
5408,5,0,12.5,-59.403,9.07986,7.71949,7.71949
5408,1,0,0,-61.8129,10.917,7.71949,7.71949
5408,4,25,12.5,-68.2575,17.9296,7.71949,7.71949
5408,7,12.5,25,-68.2575,17.9296,7.71949,7.71949
5408,3,25,0,-68.9665,18.9263,7.71949,7.71949
5408,6,0,25,-68.9665,18.9263,7.71949,7.71949
5408,8,25,25,-72.2936,24.4383,7.71949,7.71949
5508,2,12.5,0,-59.3628,9.05207,7.6311,7.6311
5508,5,0,12.5,-59.3628,9.05207,7.6311,7.6311
5508,1,0,0,-61.663,10.792,7.6311,7.6311
5508,4,25,12.5,-68.3364,18.0384,7.6311,7.6311
5508,7,12.5,25,-68.3364,18.0384,7.6311,7.6311
5508,3,25,0,-68.9974,18.9714,7.6311,7.6311
5508,6,0,25,-68.9974,18.9714,7.6311,7.6311
5508,8,25,25,-72.3601,24.5633,7.6311,7.6311
5608,2,12.5,0,-59.325,9.02592,7.54271,7.54271
5608,5,0,12.5,-59.325,9.02592,7.54271,7.54271
5608,1,0,0,-61.5113,10.667,7.54271,7.54271
5608,4,25,12.5,-68.415,18.1475,7.54271,7.54271
5608,7,12.5,25,-68.415,18.1475,7.54271,7.54271
5608,3,25,0,-69.0287,19.0171,7.54271,7.54271
5608,6,0,25,-69.0287,19.0171,7.54271,7.54271
5608,8,25,25,-72.4263,24.6883,7.54271,7.54271
5708,2,12.5,0,-59.2894,9.00143,7.45432,7.45432
5708,5,0,12.5,-59.2894,9.00143,7.45432,7.45432
5708,1,0,0,-61.3579,10.542,7.45432,7.45432
5708,4,25,12.5,-68.4932,18.2568,7.45432,7.45432
5708,7,12.5,25,-68.4932,18.2568,7.45432,7.45432
5708,3,25,0,-69.0605,19.0635,7.45432,7.45432
5708,6,0,25,-69.0605,19.0635,7.45432,7.45432
5708,8,25,25,-72.4921,24.8133,7.45432,7.45432
5808,2,12.5,0,-59.2561,8.97862,7.36594,7.36594
5808,5,0,12.5,-59.2561,8.97862,7.36594,7.36594
5808,1,0,0,-61.2026,10.417,7.36594,7.36594
5808,4,25,12.5,-68.5711,18.3662,7.36594,7.36594
5808,7,12.5,25,-68.5711,18.3662,7.36594,7.36594
5808,3,25,0,-69.0926,19.1107,7.36594,7.36594
5808,6,0,25,-69.0926,19.1107,7.36594,7.36594
5808,8,25,25,-72.5576,24.9383,7.36594,7.36594
5908,2,12.5,0,-59.2252,8.95749,7.27755,7.27755
5908,5,0,12.5,-59.2252,8.95749,7.27755,7.27755
5908,1,0,0,-61.0455,10.292,7.27755,7.27755
5908,4,25,12.5,-68.6487,18.4759,7.27755,7.27755
5908,7,12.5,25,-68.6487,18.4759,7.27755,7.27755
5908,3,25,0,-69.1252,19.1585,7.27755,7.27755
5908,6,0,25,-69.1252,19.1585,7.27755,7.27755
5908,8,25,25,-72.6228,25.0633,7.27755,7.27755
6008,2,12.5,0,-59.1967,8.93807,7.18916,7.18916
6008,5,0,12.5,-59.1967,8.93807,7.18916,7.18916
6008,1,0,0,-60.8865,10.167,7.18916,7.18916
6008,4,25,12.5,-68.726,18.5858,7.18916,7.18916
6008,7,12.5,25,-68.726,18.5858,7.18916,7.18916
6008,3,25,0,-69.1581,19.207,7.18916,7.18916
6008,6,0,25,-69.1581,19.207,7.18916,7.18916
6008,8,25,25,-72.6876,25.1883,7.18916,7.18916
6108,2,12.5,0,-59.1707,8.92035,7.10077,7.10077
6108,5,0,12.5,-59.1707,8.92035,7.10077,7.10077
6108,1,0,0,-60.7255,10.042,7.10077,7.10077
6108,4,25,12.5,-68.8029,18.6958,7.10077,7.10077
6108,7,12.5,25,-68.8029,18.6958,7.10077,7.10077
6108,3,25,0,-69.1914,19.2563,7.10077,7.10077
6108,6,0,25,-69.1914,19.2563,7.10077,7.10077
6108,8,25,25,-72.7521,25.3133,7.10077,7.10077
6208,2,12.5,0,-59.1471,8.90435,7.01238,7.01238
6208,5,0,12.5,-59.1471,8.90435,7.01238,7.01238
6208,1,0,0,-60.5624,9.91701,7.01238,7.01238
6208,4,25,12.5,-68.8796,18.8061,7.01238,7.01238
6208,7,12.5,25,-68.8796,18.8061,7.01238,7.01238
6208,3,25,0,-69.2251,19.3062,7.01238,7.01238
6208,6,0,25,-69.2251,19.3062,7.01238,7.01238
6208,8,25,25,-72.8163,25.4383,7.01238,7.01238
6308,2,12.5,0,-59.1259,8.89008,6.92399,6.92399
6308,5,0,12.5,-59.1259,8.89008,6.92399,6.92399
6308,1,0,0,-60.3973,9.79201,6.92399,6.92399
6308,4,25,12.5,-68.9559,18.9165,6.92399,6.92399
6308,7,12.5,25,-68.9559,18.9165,6.92399,6.92399
6308,3,25,0,-69.2592,19.3567,6.92399,6.92399
6308,6,0,25,-69.2592,19.3567,6.92399,6.92399
6308,8,25,25,-72.8802,25.5633,6.92399,6.92399
6408,2,12.5,0,-59.1074,8.87755,6.83561,6.83561
6408,5,0,12.5,-59.1074,8.87755,6.83561,6.83561
6408,1,0,0,-60.2301,9.66701,6.83561,6.83561
6408,4,25,12.5,-69.0318,19.0271,6.83561,6.83561
6408,7,12.5,25,-69.0318,19.0271,6.83561,6.83561
6408,3,25,0,-69.2936,19.408,6.83561,6.83561
6408,6,0,25,-69.2936,19.408,6.83561,6.83561
6408,8,25,25,-72.9438,25.6883,6.83561,6.83561
6508,2,12.5,0,-59.0913,8.86676,6.74722,6.74722
6508,5,0,12.5,-59.0913,8.86676,6.74722,6.74722
6508,1,0,0,-60.0608,9.54201,6.74722,6.74722
6508,4,25,12.5,-69.1075,19.1379,6.74722,6.74722
6508,7,12.5,25,-69.1075,19.1379,6.74722,6.74722
6508,3,25,0,-69.3284,19.4599,6.74722,6.74722
6508,6,0,25,-69.3284,19.4599,6.74722,6.74722
6508,8,25,25,-73.0071,25.8133,6.74722,6.74722
6608,2,12.5,0,-59.0778,8.85772,6.65883,6.65883
6608,5,0,12.5,-59.0778,8.85772,6.65883,6.65883
6608,1,0,0,-59.8891,9.41701,6.65883,6.65883
6608,4,25,12.5,-69.1829,19.2488,6.65883,6.65883
6608,7,12.5,25,-69.1829,19.2488,6.65883,6.65883
6608,3,25,0,-69.3635,19.5125,6.65883,6.65883
6608,6,0,25,-69.3635,19.5125,6.65883,6.65883
6608,8,25,25,-73.07,25.9383,6.65883,6.65883
6708,2,12.5,0,-59.0669,8.85044,6.57044,6.57044
6708,5,0,12.5,-59.0669,8.85044,6.57044,6.57044
6708,1,0,0,-59.7152,9.29201,6.57044,6.57044
6708,3,25,0,-69.399,19.5658,6.57044,6.57044
6708,4,25,12.5,-69.2579,19.36,6.57044,6.57044
6708,6,0,25,-69.399,19.5658,6.57044,6.57044
6708,7,12.5,25,-69.2579,19.36,6.57044,6.57044
6708,8,25,25,-73.1327,26.0633,6.57044,6.57044
6808,2,12.5,0,-59.0585,8.84492,6.48205,6.48205
6808,5,0,12.5,-59.0585,8.84492,6.48205,6.48205
6808,1,0,0,-59.539,9.16701,6.48205,6.48205
6808,3,25,0,-69.4348,19.6197,6.48205,6.48205
6808,4,25,12.5,-69.3326,19.4713,6.48205,6.48205
6808,6,0,25,-69.4348,19.6197,6.48205,6.48205
6808,7,12.5,25,-69.3326,19.4713,6.48205,6.48205
6808,8,25,25,-73.1951,26.1883,6.48205,6.48205
6908,2,12.5,0,-59.0528,8.84117,6.39366,6.39366
6908,5,0,12.5,-59.0528,8.84117,6.39366,6.39366
6908,1,0,0,-59.3603,9.04201,6.39366,6.39366
6908,4,25,12.5,-69.407,19.5827,6.39366,6.39366
6908,7,12.5,25,-69.407,19.5827,6.39366,6.39366
6908,3,25,0,-69.4709,19.6742,6.39366,6.39366
6908,6,0,25,-69.4709,19.6742,6.39366,6.39366
6908,8,25,25,-73.2571,26.3133,6.39366,6.39366
7008,2,12.5,0,-59.0496,8.83918,6.30528,6.30528
7008,5,0,12.5,-59.0496,8.83918,6.30528,6.30528
7008,1,0,0,-59.1792,8.91701,6.30528,6.30528
7008,3,25,0,-69.5074,19.7294,6.30528,6.30528
7008,4,25,12.5,-69.4811,19.6943,6.30528,6.30528
7008,6,0,25,-69.5074,19.7294,6.30528,6.30528
7008,7,12.5,25,-69.4811,19.6943,6.30528,6.30528
7008,8,25,25,-73.3189,26.4383,6.30528,6.30528
7108,1,0,0,-58.9954,8.79201,6.21689,6.21689
7108,2,12.5,0,-59.0491,8.83896,6.21689,6.21689
7108,5,0,12.5,-59.0491,8.83896,6.21689,6.21689
7108,3,25,0,-69.5442,19.7852,6.21689,6.21689
7108,4,25,12.5,-69.5548,19.8061,6.21689,6.21689
7108,6,0,25,-69.5442,19.7852,6.21689,6.21689
7108,7,12.5,25,-69.5548,19.8061,6.21689,6.21689
7108,8,25,25,-73.3804,26.5633,6.21689,6.21689
7208,1,0,0,-58.8091,8.66701,6.1285,6.1285
7208,2,12.5,0,-59.0511,8.8405,6.1285,6.1285
7208,5,0,12.5,-59.0511,8.8405,6.1285,6.1285
7208,3,25,0,-69.5813,19.8417,6.1285,6.1285
7208,4,25,12.5,-69.6283,19.9181,6.1285,6.1285
7208,6,0,25,-69.5813,19.8417,6.1285,6.1285
7208,7,12.5,25,-69.6283,19.9181,6.1285,6.1285
7208,8,25,25,-73.4416,26.6883,6.1285,6.1285
7308,1,0,0,-58.6201,8.54201,6.04011,6.04011
7308,2,12.5,0,-59.0558,8.84382,6.04011,6.04011
7308,5,0,12.5,-59.0558,8.84382,6.04011,6.04011
7308,3,25,0,-69.6187,19.8988,6.04011,6.04011
7308,6,0,25,-69.6187,19.8988,6.04011,6.04011
7308,4,25,12.5,-69.7014,20.0302,6.04011,6.04011
7308,7,12.5,25,-69.7014,20.0302,6.04011,6.04011
7308,8,25,25,-73.5025,26.8133,6.04011,6.04011
7408,1,0,0,-58.4282,8.41701,5.95172,5.95172
7408,2,12.5,0,-59.063,8.84889,5.95172,5.95172
7408,5,0,12.5,-59.063,8.84889,5.95172,5.95172
7408,3,25,0,-69.6564,19.9564,5.95172,5.95172
7408,4,25,12.5,-69.7743,20.1424,5.95172,5.95172
7408,6,0,25,-69.6564,19.9564,5.95172,5.95172
7408,7,12.5,25,-69.7743,20.1424,5.95172,5.95172
7408,8,25,25,-73.5631,26.9383,5.95172,5.95172
7508,1,0,0,-58.2335,8.29201,5.86333,5.86333
7508,2,12.5,0,-59.0729,8.85573,5.86333,5.86333
7508,5,0,12.5,-59.0729,8.85573,5.86333,5.86333
7508,3,25,0,-69.6944,20.0148,5.86333,5.86333
7508,6,0,25,-69.6944,20.0148,5.86333,5.86333
7508,4,25,12.5,-69.8468,20.2548,5.86333,5.86333
7508,7,12.5,25,-69.8468,20.2548,5.86333,5.86333
7508,8,25,25,-73.6234,27.0633,5.86333,5.86333
7608,1,0,0,-58.0359,8.16701,5.77495,5.77495
7608,2,12.5,0,-59.0853,8.86433,5.77495,5.77495
7608,5,0,12.5,-59.0853,8.86433,5.77495,5.77495
7608,3,25,0,-69.7327,20.0737,5.77495,5.77495
7608,6,0,25,-69.7327,20.0737,5.77495,5.77495
7608,4,25,12.5,-69.919,20.3674,5.77495,5.77495
7608,7,12.5,25,-69.919,20.3674,5.77495,5.77495
7608,8,25,25,-73.6835,27.1883,5.77495,5.77495
7708,1,0,0,-57.8352,8.04201,5.68656,5.68656
7708,2,12.5,0,-59.1003,8.87468,5.68656,5.68656
7708,5,0,12.5,-59.1003,8.87468,5.68656,5.68656
7708,3,25,0,-69.7712,20.1332,5.68656,5.68656
7708,6,0,25,-69.7712,20.1332,5.68656,5.68656
7708,4,25,12.5,-69.9909,20.48,5.68656,5.68656
7708,7,12.5,25,-69.9909,20.48,5.68656,5.68656
7708,8,25,25,-73.7433,27.3133,5.68656,5.68656
7808,1,0,0,-57.6314,7.91701,5.59817,5.59817
7808,2,12.5,0,-59.1178,8.88677,5.59817,5.59817
7808,5,0,12.5,-59.1178,8.88677,5.59817,5.59817
7808,3,25,0,-69.81,20.1933,5.59817,5.59817
7808,6,0,25,-69.81,20.1933,5.59817,5.59817
7808,4,25,12.5,-70.0625,20.5929,5.59817,5.59817
7808,7,12.5,25,-70.0625,20.5929,5.59817,5.59817
7808,8,25,25,-73.8028,27.4383,5.59817,5.59817
7908,1,0,0,-57.4243,7.79201,5.50978,5.50978
7908,2,12.5,0,-59.1379,8.90061,5.50978,5.50978
7908,5,0,12.5,-59.1379,8.90061,5.50978,5.50978
7908,3,25,0,-69.8491,20.254,5.50978,5.50978
7908,6,0,25,-69.8491,20.254,5.50978,5.50978
7908,4,25,12.5,-70.1339,20.7058,5.50978,5.50978
7908,7,12.5,25,-70.1339,20.7058,5.50978,5.50978
7908,8,25,25,-73.862,27.5633,5.50978,5.50978
8008,1,0,0,-57.2139,7.66701,5.42139,5.42139
8008,2,12.5,0,-59.1604,8.91618,5.42139,5.42139
8008,5,0,12.5,-59.1604,8.91618,5.42139,5.42139
8008,3,25,0,-69.8885,20.3153,5.42139,5.42139
8008,6,0,25,-69.8885,20.3153,5.42139,5.42139
8008,4,25,12.5,-70.2049,20.8189,5.42139,5.42139
8008,7,12.5,25,-70.2049,20.8189,5.42139,5.42139
8008,8,25,25,-73.921,27.6883,5.42139,5.42139
8108,1,0,0,-57,7.54201,5.333,5.333
8108,2,12.5,0,-59.1855,8.93346,5.333,5.333
8108,5,0,12.5,-59.1855,8.93346,5.333,5.333
8108,3,25,0,-69.9281,20.3772,5.333,5.333
8108,6,0,25,-69.9281,20.3772,5.333,5.333
8108,4,25,12.5,-70.2756,20.9322,5.333,5.333
8108,7,12.5,25,-70.2756,20.9322,5.333,5.333
8108,8,25,25,-73.9797,27.8133,5.333,5.333
8208,1,0,0,-56.7826,7.41701,5.24462,5.24462
8208,2,12.5,0,-59.2129,8.95246,5.24462,5.24462
8208,5,0,12.5,-59.2129,8.95246,5.24462,5.24462
8208,3,25,0,-69.9679,20.4397,5.24462,5.24462
8208,6,0,25,-69.9679,20.4397,5.24462,5.24462
8208,4,25,12.5,-70.346,21.0456,5.24462,5.24462
8208,7,12.5,25,-70.346,21.0456,5.24462,5.24462
8208,8,25,25,-74.0382,27.9383,5.24462,5.24462
8308,1,0,0,-56.5614,7.29201,5.15623,5.15623
8308,2,12.5,0,-59.2428,8.97316,5.15623,5.15623
8308,5,0,12.5,-59.2428,8.97316,5.15623,5.15623
8308,3,25,0,-70.008,20.5027,5.15623,5.15623
8308,6,0,25,-70.008,20.5027,5.15623,5.15623
8308,4,25,12.5,-70.4161,21.1591,5.15623,5.15623
8308,7,12.5,25,-70.4161,21.1591,5.15623,5.15623
8308,8,25,25,-74.0964,28.0633,5.15623,5.15623
8408,1,0,0,-56.3365,7.16701,5.06784,5.06784
8408,2,12.5,0,-59.2751,8.99555,5.06784,5.06784
8408,5,0,12.5,-59.2751,8.99555,5.06784,5.06784
8408,3,25,0,-70.0484,20.5663,5.06784,5.06784
8408,6,0,25,-70.0484,20.5663,5.06784,5.06784
8408,4,25,12.5,-70.4859,21.2727,5.06784,5.06784
8408,7,12.5,25,-70.4859,21.2727,5.06784,5.06784
8408,8,25,25,-74.1543,28.1883,5.06784,5.06784
8508,1,0,0,-56.1076,7.04201,4.97945,4.97945
8508,2,12.5,0,-59.3097,9.01962,4.97945,4.97945
8508,5,0,12.5,-59.3097,9.01962,4.97945,4.97945
8508,3,25,0,-70.0889,20.6305,4.97945,4.97945
8508,6,0,25,-70.0889,20.6305,4.97945,4.97945
8508,4,25,12.5,-70.5554,21.3865,4.97945,4.97945
8508,7,12.5,25,-70.5554,21.3865,4.97945,4.97945
8508,8,25,25,-74.212,28.3133,4.97945,4.97945
8608,1,0,0,-55.8746,6.91701,4.89106,4.89106
8608,2,12.5,0,-59.3466,9.04535,4.89106,4.89106
8608,5,0,12.5,-59.3466,9.04535,4.89106,4.89106
8608,3,25,0,-70.1297,20.6952,4.89106,4.89106
8608,6,0,25,-70.1297,20.6952,4.89106,4.89106
8608,4,25,12.5,-70.6246,21.5004,4.89106,4.89106
8608,7,12.5,25,-70.6246,21.5004,4.89106,4.89106
8608,8,25,25,-74.2694,28.4383,4.89106,4.89106
8708,1,0,0,-55.6374,6.79201,4.80267,4.80267
8708,2,12.5,0,-59.3858,9.07273,4.80267,4.80267
8708,5,0,12.5,-59.3858,9.07273,4.80267,4.80267
8708,3,25,0,-70.1707,20.7605,4.80267,4.80267
8708,6,0,25,-70.1707,20.7605,4.80267,4.80267
8708,4,25,12.5,-70.6935,21.6144,4.80267,4.80267
8708,7,12.5,25,-70.6935,21.6144,4.80267,4.80267
8708,8,25,25,-74.3265,28.5633,4.80267,4.80267
8808,1,0,0,-55.3957,6.66701,4.71429,4.71429
8808,2,12.5,0,-59.4272,9.10175,4.71429,4.71429
8808,5,0,12.5,-59.4272,9.10175,4.71429,4.71429
8808,3,25,0,-70.212,20.8263,4.71429,4.71429
8808,6,0,25,-70.212,20.8263,4.71429,4.71429
8808,4,25,12.5,-70.7622,21.7285,4.71429,4.71429
8808,7,12.5,25,-70.7622,21.7285,4.71429,4.71429
8808,8,25,25,-74.3834,28.6883,4.71429,4.71429
8908,1,0,0,-55.1495,6.54201,4.6259,4.6259
8908,2,12.5,0,-59.4708,9.13238,4.6259,4.6259
8908,5,0,12.5,-59.4708,9.13238,4.6259,4.6259
8908,3,25,0,-70.2534,20.8927,4.6259,4.6259
8908,6,0,25,-70.2534,20.8927,4.6259,4.6259
8908,4,25,12.5,-70.8305,21.8427,4.6259,4.6259
8908,7,12.5,25,-70.8305,21.8427,4.6259,4.6259
8908,8,25,25,-74.4401,28.8133,4.6259,4.6259
9008,1,0,0,-54.8986,6.41701,4.53751,4.53751
9008,2,12.5,0,-59.5166,9.16462,4.53751,4.53751
9008,5,0,12.5,-59.5166,9.16462,4.53751,4.53751
9008,3,25,0,-70.295,20.9595,4.53751,4.53751
9008,6,0,25,-70.295,20.9595,4.53751,4.53751
9008,4,25,12.5,-70.8986,21.9571,4.53751,4.53751
9008,7,12.5,25,-70.8986,21.9571,4.53751,4.53751
9008,8,25,25,-74.4965,28.9383,4.53751,4.53751
9108,1,0,0,-54.6427,6.29201,4.44912,4.44912
9108,2,12.5,0,-59.5644,9.19844,4.44912,4.44912
9108,5,0,12.5,-59.5644,9.19844,4.44912,4.44912
9108,3,25,0,-70.3368,21.027,4.44912,4.44912
9108,6,0,25,-70.3368,21.027,4.44912,4.44912
9108,4,25,12.5,-70.9664,22.0716,4.44912,4.44912
9108,7,12.5,25,-70.9664,22.0716,4.44912,4.44912
9108,8,25,25,-74.5527,29.0633,4.44912,4.44912
9208,1,0,0,-54.3817,6.16701,4.36073,4.36073
9208,2,12.5,0,-59.6142,9.23383,4.36073,4.36073
9208,5,0,12.5,-59.6142,9.23383,4.36073,4.36073
9208,3,25,0,-70.3789,21.0949,4.36073,4.36073
9208,6,0,25,-70.3789,21.0949,4.36073,4.36073
9208,4,25,12.5,-71.0339,22.1862,4.36073,4.36073
9208,7,12.5,25,-71.0339,22.1862,4.36073,4.36073
9208,8,25,25,-74.6086,29.1883,4.36073,4.36073
9308,1,0,0,-54.1154,6.04201,4.27234,4.27234
9308,2,12.5,0,-59.6661,9.27077,4.27234,4.27234
9308,5,0,12.5,-59.6661,9.27077,4.27234,4.27234
9308,3,25,0,-70.4211,21.1634,4.27234,4.27234
9308,6,0,25,-70.4211,21.1634,4.27234,4.27234
9308,4,25,12.5,-71.1011,22.3009,4.27234,4.27234
9308,7,12.5,25,-71.1011,22.3009,4.27234,4.27234
9308,8,25,25,-74.6643,29.3133,4.27234,4.27234
9408,1,0,0,-53.8435,5.91701,4.18396,4.18396
9408,2,12.5,0,-59.7199,9.30925,4.18396,4.18396
9408,5,0,12.5,-59.7199,9.30925,4.18396,4.18396
9408,3,25,0,-70.4634,21.2324,4.18396,4.18396
9408,6,0,25,-70.4634,21.2324,4.18396,4.18396
9408,4,25,12.5,-71.168,22.4157,4.18396,4.18396
9408,7,12.5,25,-71.168,22.4157,4.18396,4.18396
9408,8,25,25,-74.7198,29.4383,4.18396,4.18396
9508,1,0,0,-53.5658,5.79201,4.09557,4.09557
9508,2,12.5,0,-59.7756,9.34923,4.09557,4.09557
9508,5,0,12.5,-59.7756,9.34923,4.09557,4.09557
9508,3,25,0,-70.506,21.3019,4.09557,4.09557
9508,6,0,25,-70.506,21.3019,4.09557,4.09557
9508,4,25,12.5,-71.2347,22.5306,4.09557,4.09557
9508,7,12.5,25,-71.2347,22.5306,4.09557,4.09557
9508,8,25,25,-74.775,29.5633,4.09557,4.09557
9608,1,0,0,-53.2821,5.66701,4.00718,4.00718
9608,2,12.5,0,-59.8331,9.39071,4.00718,4.00718
9608,5,0,12.5,-59.8331,9.39071,4.00718,4.00718
9608,3,25,0,-70.5487,21.3719,4.00718,4.00718
9608,6,0,25,-70.5487,21.3719,4.00718,4.00718
9608,4,25,12.5,-71.301,22.6457,4.00718,4.00718
9608,7,12.5,25,-71.301,22.6457,4.00718,4.00718
9608,8,25,25,-74.83,29.6883,4.00718,4.00718
9708,1,0,0,-52.992,5.54201,3.91879,3.91879
9708,2,12.5,0,-59.8924,9.43367,3.91879,3.91879
9708,5,0,12.5,-59.8924,9.43367,3.91879,3.91879
9708,3,25,0,-70.5916,21.4423,3.91879,3.91879
9708,6,0,25,-70.5916,21.4423,3.91879,3.91879
9708,4,25,12.5,-71.3671,22.7608,3.91879,3.91879
9708,7,12.5,25,-71.3671,22.7608,3.91879,3.91879
9708,8,25,25,-74.8848,29.8133,3.91879,3.91879
9808,1,0,0,-52.6954,5.41701,3.8304,3.8304
9808,2,12.5,0,-59.9534,9.47807,3.8304,3.8304
9808,5,0,12.5,-59.9534,9.47807,3.8304,3.8304
9808,3,25,0,-70.6347,21.5133,3.8304,3.8304
9808,6,0,25,-70.6347,21.5133,3.8304,3.8304
9808,4,25,12.5,-71.433,22.8761,3.8304,3.8304
9808,7,12.5,25,-71.433,22.8761,3.8304,3.8304
9808,8,25,25,-74.9393,29.9383,3.8304,3.8304
9908,1,0,0,-52.3918,5.29201,3.74201,3.74201
9908,2,12.5,0,-60.0162,9.52392,3.74201,3.74201
9908,5,0,12.5,-60.0162,9.52392,3.74201,3.74201
9908,3,25,0,-70.6779,21.5848,3.74201,3.74201
9908,6,0,25,-70.6779,21.5848,3.74201,3.74201
9908,4,25,12.5,-71.4985,22.9914,3.74201,3.74201
9908,7,12.5,25,-71.4985,22.9914,3.74201,3.74201
9908,8,25,25,-74.9936,30.0633,3.74201,3.74201
10008,1,0,0,-52.081,5.16701,3.65363,3.65363
10008,2,12.5,0,-60.0805,9.57117,3.65363,3.65363
10008,5,0,12.5,-60.0805,9.57117,3.65363,3.65363
10008,3,25,0,-70.7212,21.6568,3.65363,3.65363
10008,6,0,25,-70.7212,21.6568,3.65363,3.65363
10008,4,25,12.5,-71.5638,23.1068,3.65363,3.65363
10008,7,12.5,25,-71.5638,23.1068,3.65363,3.65363
10008,8,25,25,-75.0477,30.1883,3.65363,3.65363
10108,1,0,0,-51.7626,5.04201,3.56524,3.56524
10108,2,12.5,0,-60.1464,9.61982,3.56524,3.56524
10108,5,0,12.5,-60.1464,9.61982,3.56524,3.56524
10108,3,25,0,-70.7647,21.7292,3.56524,3.56524
10108,6,0,25,-70.7647,21.7292,3.56524,3.56524
10108,4,25,12.5,-71.6288,23.2224,3.56524,3.56524
10108,7,12.5,25,-71.6288,23.2224,3.56524,3.56524
10108,8,25,25,-75.1016,30.3133,3.56524,3.56524
10208,1,0,0,-51.4362,4.91701,3.47685,3.47685
10208,2,12.5,0,-60.2139,9.66984,3.47685,3.47685
10208,5,0,12.5,-60.2139,9.66984,3.47685,3.47685
10208,3,25,0,-70.8084,21.8022,3.47685,3.47685
10208,6,0,25,-70.8084,21.8022,3.47685,3.47685
10208,4,25,12.5,-71.6935,23.338,3.47685,3.47685
10208,7,12.5,25,-71.6935,23.338,3.47685,3.47685
10208,8,25,25,-75.1552,30.4383,3.47685,3.47685
10308,1,0,0,-51.1014,4.79201,3.38846,3.38846
10308,2,12.5,0,-60.2828,9.7212,3.38846,3.38846
10308,5,0,12.5,-60.2828,9.7212,3.38846,3.38846
10308,3,25,0,-70.8522,21.8756,3.38846,3.38846
10308,6,0,25,-70.8522,21.8756,3.38846,3.38846
10308,4,25,12.5,-71.758,23.4538,3.38846,3.38846
10308,7,12.5,25,-71.758,23.4538,3.38846,3.38846
10308,8,25,25,-75.2086,30.5633,3.38846,3.38846
10408,1,0,0,-50.7578,4.66701,3.30007,3.30007
10408,2,12.5,0,-60.3531,9.7739,3.30007,3.30007
10408,5,0,12.5,-60.3531,9.7739,3.30007,3.30007
10408,3,25,0,-70.8961,21.9494,3.30007,3.30007
10408,6,0,25,-70.8961,21.9494,3.30007,3.30007
10408,4,25,12.5,-71.8222,23.5696,3.30007,3.30007
10408,7,12.5,25,-71.8222,23.5696,3.30007,3.30007
10408,8,25,25,-75.2618,30.6883,3.30007,3.30007
10508,1,0,0,-50.4049,4.54201,3.21168,3.21168
10508,2,12.5,0,-60.4248,9.82791,3.21168,3.21168
10508,5,0,12.5,-60.4248,9.82791,3.21168,3.21168
10508,3,25,0,-70.9401,22.0238,3.21168,3.21168
10508,6,0,25,-70.9401,22.0238,3.21168,3.21168
10508,4,25,12.5,-71.8862,23.6855,3.21168,3.21168
10508,7,12.5,25,-71.8862,23.6855,3.21168,3.21168
10508,8,25,25,-75.3148,30.8133,3.21168,3.21168
10608,1,0,0,-50.0422,4.41701,3.1233,3.1233
10608,2,12.5,0,-60.4978,9.8832,3.1233,3.1233
10608,5,0,12.5,-60.4978,9.8832,3.1233,3.1233
10608,3,25,0,-70.9843,22.0985,3.1233,3.1233
10608,6,0,25,-70.9843,22.0985,3.1233,3.1233
10608,4,25,12.5,-71.9499,23.8015,3.1233,3.1233
10608,7,12.5,25,-71.9499,23.8015,3.1233,3.1233
10608,8,25,25,-75.3675,30.9383,3.1233,3.1233
10708,1,0,0,-49.6691,4.29201,3.03491,3.03491
10708,2,12.5,0,-60.572,9.93975,3.03491,3.03491
10708,5,0,12.5,-60.572,9.93975,3.03491,3.03491
10708,3,25,0,-71.0285,22.1738,3.03491,3.03491
10708,6,0,25,-71.0285,22.1738,3.03491,3.03491
10708,4,25,12.5,-72.0133,23.9176,3.03491,3.03491
10708,7,12.5,25,-72.0133,23.9176,3.03491,3.03491
10708,8,25,25,-75.4201,31.0633,3.03491,3.03491
10808,1,0,0,-49.2849,4.16701,2.94652,2.94652
10808,2,12.5,0,-60.6475,9.99755,2.94652,2.94652
10808,5,0,12.5,-60.6475,9.99755,2.94652,2.94652
10808,3,25,0,-71.0729,22.2494,2.94652,2.94652
10808,6,0,25,-71.0729,22.2494,2.94652,2.94652
10808,4,25,12.5,-72.0764,24.0338,2.94652,2.94652
10808,7,12.5,25,-72.0764,24.0338,2.94652,2.94652
10808,8,25,25,-75.4724,31.1883,2.94652,2.94652
10908,1,0,0,-48.8891,4.04201,2.85813,2.85813
10908,2,12.5,0,-60.724,10.0566,2.85813,2.85813
10908,5,0,12.5,-60.724,10.0566,2.85813,2.85813
10908,3,25,0,-71.1174,22.3256,2.85813,2.85813
10908,6,0,25,-71.1174,22.3256,2.85813,2.85813
10908,4,25,12.5,-72.1394,24.1501,2.85813,2.85813
10908,7,12.5,25,-72.1394,24.1501,2.85813,2.85813
10908,8,25,25,-75.5246,31.3133,2.85813,2.85813
11008,1,0,0,-48.4809,3.91701,2.76974,2.76974
11008,2,12.5,0,-60.8017,10.1168,2.76974,2.76974
11008,5,0,12.5,-60.8017,10.1168,2.76974,2.76974
11008,3,25,0,-71.162,22.4021,2.76974,2.76974
11008,6,0,25,-71.162,22.4021,2.76974,2.76974
11008,4,25,12.5,-72.202,24.2665,2.76974,2.76974
11008,7,12.5,25,-72.202,24.2665,2.76974,2.76974
11008,8,25,25,-75.5765,31.4383,2.76974,2.76974
11108,1,0,0,-48.0595,3.79201,2.68135,2.68135
11108,2,12.5,0,-60.8805,10.1782,2.68135,2.68135
11108,5,0,12.5,-60.8805,10.1782,2.68135,2.68135
11108,3,25,0,-71.2067,22.4791,2.68135,2.68135
11108,6,0,25,-71.2067,22.4791,2.68135,2.68135
11108,4,25,12.5,-72.2644,24.3829,2.68135,2.68135
11108,7,12.5,25,-72.2644,24.3829,2.68135,2.68135
11108,8,25,25,-75.6282,31.5633,2.68135,2.68135
11208,1,0,0,-47.6241,3.66701,2.59297,2.59297
11208,2,12.5,0,-60.9602,10.2407,2.59297,2.59297
11208,5,0,12.5,-60.9602,10.2407,2.59297,2.59297
11208,3,25,0,-71.2515,22.5566,2.59297,2.59297
11208,6,0,25,-71.2515,22.5566,2.59297,2.59297
11208,4,25,12.5,-72.3265,24.4995,2.59297,2.59297
11208,7,12.5,25,-72.3265,24.4995,2.59297,2.59297
11208,8,25,25,-75.6797,31.6883,2.59297,2.59297
11308,1,0,0,-47.1735,3.54201,2.50458,2.50458
11308,2,12.5,0,-61.0409,10.3044,2.50458,2.50458
11308,5,0,12.5,-61.0409,10.3044,2.50458,2.50458
11308,3,25,0,-71.2964,22.6344,2.50458,2.50458
11308,6,0,25,-71.2964,22.6344,2.50458,2.50458
11308,4,25,12.5,-72.3884,24.6161,2.50458,2.50458
11308,7,12.5,25,-72.3884,24.6161,2.50458,2.50458
11308,8,25,25,-75.731,31.8133,2.50458,2.50458
11408,1,0,0,-47.1108,3.53553,2.5,2.5
11408,2,12.5,0,-61.052,10.3078,2.5,2.5
11408,5,0,12.5,-61.052,10.3078,2.5,2.5
11408,3,25,0,-71.3025,22.6385,2.5,2.5
11408,6,0,25,-71.3025,22.6385,2.5,2.5
11408,4,25,12.5,-72.3969,24.6221,2.5,2.5
11408,7,12.5,25,-72.3969,24.6221,2.5,2.5
11408,8,25,25,-75.738,31.8198,2.5,2.5
11508,1,0,0,-47.1108,3.53553,2.5,2.5
11508,2,12.5,0,-61.052,10.3078,2.5,2.5
11508,5,0,12.5,-61.052,10.3078,2.5,2.5
11508,3,25,0,-71.3025,22.6385,2.5,2.5
11508,6,0,25,-71.3025,22.6385,2.5,2.5
11508,4,25,12.5,-72.3969,24.6221,2.5,2.5
11508,7,12.5,25,-72.3969,24.6221,2.5,2.5
11508,8,25,25,-75.738,31.8198,2.5,2.5
11608,1,0,0,-47.1108,3.53553,2.5,2.5
11608,2,12.5,0,-61.052,10.3078,2.5,2.5
11608,5,0,12.5,-61.052,10.3078,2.5,2.5
11608,3,25,0,-71.3025,22.6385,2.5,2.5
11608,6,0,25,-71.3025,22.6385,2.5,2.5
11608,4,25,12.5,-72.3969,24.6221,2.5,2.5
11608,7,12.5,25,-72.3969,24.6221,2.5,2.5
11608,8,25,25,-75.738,31.8198,2.5,2.5
11708,1,0,0,-47.1108,3.53553,2.5,2.5
11708,2,12.5,0,-61.052,10.3078,2.5,2.5
11708,5,0,12.5,-61.052,10.3078,2.5,2.5
11708,3,25,0,-71.3025,22.6385,2.5,2.5
11708,6,0,25,-71.3025,22.6385,2.5,2.5
11708,4,25,12.5,-72.3969,24.6221,2.5,2.5
11708,7,12.5,25,-72.3969,24.6221,2.5,2.5
11708,8,25,25,-75.738,31.8198,2.5,2.5
11808,1,0,0,-47.1108,3.53553,2.5,2.5
11808,2,12.5,0,-61.052,10.3078,2.5,2.5
11808,5,0,12.5,-61.052,10.3078,2.5,2.5
11808,3,25,0,-71.3025,22.6385,2.5,2.5
11808,6,0,25,-71.3025,22.6385,2.5,2.5
11808,4,25,12.5,-72.3969,24.6221,2.5,2.5
11808,7,12.5,25,-72.3969,24.6221,2.5,2.5
11808,8,25,25,-75.738,31.8198,2.5,2.5
11908,1,0,0,-47.1108,3.53553,2.5,2.5
11908,2,12.5,0,-61.052,10.3078,2.5,2.5
11908,5,0,12.5,-61.052,10.3078,2.5,2.5
11908,3,25,0,-71.3025,22.6385,2.5,2.5
11908,6,0,25,-71.3025,22.6385,2.5,2.5
11908,4,25,12.5,-72.3969,24.6221,2.5,2.5
11908,7,12.5,25,-72.3969,24.6221,2.5,2.5
11908,8,25,25,-75.738,31.8198,2.5,2.5
12008,1,0,0,-47.1109,3.54308,2.51066,2.5
12008,2,12.5,0,-61.052,10.2974,2.51066,2.5
12008,5,0,12.5,-61.0521,10.3104,2.51066,2.5
12008,3,25,0,-71.3025,22.6279,2.51066,2.5
12008,6,0,25,-71.3025,22.6396,2.51066,2.5
12008,4,25,12.5,-72.3968,24.6124,2.51066,2.5
12008,7,12.5,25,-72.3969,24.6178,2.51066,2.5
12008,8,25,25,-75.738,31.8123,2.51066,2.5
12108,1,0,0,-47.4365,3.63273,2.63566,2.5
12108,2,12.5,0,-60.8978,10.1762,2.63566,2.5
12108,5,0,12.5,-61.0912,10.3415,2.63566,2.5
12108,3,25,0,-71.2308,22.5036,2.63566,2.5
12108,6,0,25,-71.3107,22.6538,2.63566,2.5
12108,4,25,12.5,-72.3363,24.4982,2.63566,2.5
12108,7,12.5,25,-72.3701,24.5674,2.63566,2.5
12108,8,25,25,-75.7018,31.724,2.63566,2.5
12208,1,0,0,-47.7613,3.72441,2.76066,2.5
12208,2,12.5,0,-60.742,10.0551,2.76066,2.5
12208,5,0,12.5,-61.132,10.3741,2.76066,2.5
12208,3,25,0,-71.1587,22.3794,2.76066,2.5
12208,6,0,25,-71.3192,22.6687,2.76066,2.5
12208,4,25,12.5,-72.2755,24.3842,2.76066,2.5
12208,7,12.5,25,-72.3436,24.5174,2.76066,2.5
12208,8,25,25,-75.6656,31.636,2.76066,2.5
12308,1,0,0,-48.0848,3.81799,2.88566,2.5
12308,2,12.5,0,-60.5843,9.93406,2.88566,2.5
12308,5,0,12.5,-61.1745,10.408,2.88566,2.5
12308,3,25,0,-71.0862,22.2552,2.88566,2.5
12308,6,0,25,-71.3281,22.6843,2.88566,2.5
12308,4,25,12.5,-72.2145,24.2702,2.88566,2.5
12308,7,12.5,25,-72.3173,24.4681,2.88566,2.5
12308,8,25,25,-75.6294,31.5483,2.88566,2.5
12408,1,0,0,-48.4063,3.91332,3.01066,2.5
12408,2,12.5,0,-60.4249,9.81313,3.01066,2.5
12408,5,0,12.5,-61.2185,10.4434,3.01066,2.5
12408,3,25,0,-71.0133,22.131,3.01066,2.5
12408,6,0,25,-71.3374,22.7005,3.01066,2.5
12408,4,25,12.5,-72.1533,24.1564,3.01066,2.5
12408,7,12.5,25,-72.2912,24.4192,3.01066,2.5
12408,8,25,25,-75.5933,31.4608,3.01066,2.5
12508,1,0,0,-48.7254,4.01028,3.13566,2.5
12508,2,12.5,0,-60.2637,9.69231,3.13566,2.5
12508,5,0,12.5,-61.2641,10.4801,3.13566,2.5
12508,3,25,0,-70.94,22.0068,3.13566,2.5
12508,6,0,25,-71.347,22.7174,3.13566,2.5
12508,4,25,12.5,-72.0918,24.0427,3.13566,2.5
12508,7,12.5,25,-72.2654,24.3709,3.13566,2.5
12508,8,25,25,-75.5571,31.3735,3.13566,2.5
12608,1,0,0,-49.0417,4.10876,3.26066,2.5
12608,2,12.5,0,-60.1005,9.57159,3.26066,2.5
12608,5,0,12.5,-61.3112,10.5182,3.26066,2.5
12608,3,25,0,-70.8663,21.8826,3.26066,2.5
12608,6,0,25,-71.3571,22.735,3.26066,2.5
12608,4,25,12.5,-72.0301,23.929,3.26066,2.5
12608,7,12.5,25,-72.2398,24.3231,3.26066,2.5
12608,8,25,25,-75.5209,31.2866,3.26066,2.5
12708,1,0,0,-49.355,4.20865,3.38566,2.5
12708,2,12.5,0,-59.9355,9.45099,3.38566,2.5
12708,5,0,12.5,-61.3599,10.5576,3.38566,2.5
12708,3,25,0,-70.7922,21.7584,3.38566,2.5
12708,6,0,25,-71.3675,22.7533,3.38566,2.5
12708,4,25,12.5,-71.9682,23.8155,3.38566,2.5
12708,7,12.5,25,-72.2145,24.2759,3.38566,2.5
12708,8,25,25,-75.4847,31.1998,3.38566,2.5
12808,1,0,0,-49.6648,4.30984,3.51066,2.5
12808,2,12.5,0,-59.7685,9.3305,3.51066,2.5
12808,5,0,12.5,-61.4099,10.5983,3.51066,2.5
12808,3,25,0,-70.7177,21.6343,3.51066,2.5
12808,6,0,25,-71.3783,22.7722,3.51066,2.5
12808,4,25,12.5,-71.906,23.7021,3.51066,2.5
12808,7,12.5,25,-72.1894,24.2293,3.51066,2.5
12808,8,25,25,-75.4486,31.1134,3.51066,2.5
12908,1,0,0,-49.9711,4.41226,3.63566,2.5
12908,2,12.5,0,-59.5995,9.21013,3.63566,2.5
12908,5,0,12.5,-61.4614,10.6404,3.63566,2.5
12908,3,25,0,-70.6428,21.5101,3.63566,2.5
12908,6,0,25,-71.3895,22.7918,3.63566,2.5
12908,4,25,12.5,-71.8436,23.5889,3.63566,2.5
12908,7,12.5,25,-72.1646,24.1832,3.63566,2.5
12908,8,25,25,-75.4124,31.0272,3.63566,2.5
13008,1,0,0,-50.2737,4.51581,3.76066,2.5
13008,2,12.5,0,-59.4285,9.08989,3.76066,2.5
13008,5,0,12.5,-61.5143,10.6838,3.76066,2.5
13008,3,25,0,-70.5674,21.386,3.76066,2.5
13008,6,0,25,-71.4011,22.8121,3.76066,2.5
13008,4,25,12.5,-71.781,23.4757,3.76066,2.5
13008,7,12.5,25,-72.14,24.1376,3.76066,2.5
13008,8,25,25,-75.3763,30.9412,3.76066,2.5
13108,1,0,0,-50.5724,4.62043,3.88566,2.5
13108,2,12.5,0,-59.2553,8.96977,3.88566,2.5
13108,5,0,12.5,-61.5685,10.7284,3.88566,2.5
13108,3,25,0,-70.4916,21.2618,3.88566,2.5
13108,6,0,25,-71.413,22.8331,3.88566,2.5
13108,4,25,12.5,-71.7181,23.3627,3.88566,2.5
13108,7,12.5,25,-72.1157,24.0927,3.88566,2.5
13108,8,25,25,-75.3402,30.8556,3.88566,2.5
13208,1,0,0,-50.8672,4.72604,4.01066,2.5
13208,2,12.5,0,-59.0801,8.84979,4.01066,2.5
13208,5,0,12.5,-61.624,10.7743,4.01066,2.5
13208,3,25,0,-70.4153,21.1377,4.01066,2.5
13208,6,0,25,-71.4253,22.8547,4.01066,2.5
13208,4,25,12.5,-71.655,23.2498,4.01066,2.5
13208,7,12.5,25,-72.0916,24.0483,4.01066,2.5
13208,8,25,25,-75.3041,30.7702,4.01066,2.5
13308,1,0,0,-51.158,4.83257,4.13566,2.5
13308,2,12.5,0,-58.9026,8.72996,4.13566,2.5
13308,5,0,12.5,-61.6808,10.8214,4.13566,2.5
13308,3,25,0,-70.3386,21.0136,4.13566,2.5
13308,6,0,25,-71.4379,22.8769,4.13566,2.5
13308,4,25,12.5,-71.5917,23.137,4.13566,2.5
13308,7,12.5,25,-72.0678,24.0044,4.13566,2.5
13308,8,25,25,-75.268,30.685,4.13566,2.5
13408,1,0,0,-51.4447,4.93996,4.26066,2.5
13408,2,12.5,0,-58.7229,8.61027,4.26066,2.5
13408,5,0,12.5,-61.7388,10.8698,4.26066,2.5
13408,3,25,0,-70.2615,20.8895,4.26066,2.5
13408,6,0,25,-71.451,22.8999,4.26066,2.5
13408,4,25,12.5,-71.5281,23.0243,4.26066,2.5
13408,7,12.5,25,-72.0443,23.9611,4.26066,2.5
13408,8,25,25,-75.2319,30.6002,4.26066,2.5
13508,1,0,0,-51.7273,5.04817,4.38566,2.5
13508,2,12.5,0,-58.541,8.49073,4.38566,2.5
13508,5,0,12.5,-61.798,10.9194,4.38566,2.5
13508,3,25,0,-70.1839,20.7654,4.38566,2.5
13508,4,25,12.5,-71.4643,22.9118,4.38566,2.5
13508,6,0,25,-71.4643,22.9234,4.38566,2.5
13508,7,12.5,25,-72.0211,23.9185,4.38566,2.5
13508,8,25,25,-75.1958,30.5156,4.38566,2.5
13608,1,0,0,-52.0059,5.15714,4.51066,2.5
13608,2,12.5,0,-58.3567,8.37135,4.51066,2.5
13608,5,0,12.5,-61.8584,10.9702,4.51066,2.5
13608,3,25,0,-70.1058,20.6413,4.51066,2.5
13608,4,25,12.5,-71.4002,22.7994,4.51066,2.5
13608,6,0,25,-71.4781,22.9477,4.51066,2.5
13608,7,12.5,25,-71.9981,23.8763,4.51066,2.5
13608,8,25,25,-75.1598,30.4313,4.51066,2.5
13708,1,0,0,-52.2805,5.26682,4.63566,2.5
13708,2,12.5,0,-58.17,8.25214,4.63566,2.5
13708,5,0,12.5,-61.9199,11.0222,4.63566,2.5
13708,3,25,0,-70.0273,20.5172,4.63566,2.5
13708,4,25,12.5,-71.336,22.6871,4.63566,2.5
13708,6,0,25,-71.4922,22.9726,4.63566,2.5
13708,7,12.5,25,-71.9754,23.8348,4.63566,2.5
13708,8,25,25,-75.1237,30.3473,4.63566,2.5
13808,1,0,0,-52.5509,5.37717,4.76066,2.5
13808,2,12.5,0,-57.9809,8.1331,4.76066,2.5
13808,5,0,12.5,-61.9825,11.0754,4.76066,2.5
13808,3,25,0,-69.9484,20.3932,4.76066,2.5
13808,4,25,12.5,-71.2714,22.575,4.76066,2.5
13808,6,0,25,-71.5066,22.9981,4.76066,2.5
13808,7,12.5,25,-71.9529,23.7939,4.76066,2.5
13808,8,25,25,-75.0877,30.2635,4.76066,2.5
13908,1,0,0,-52.8174,5.48814,4.88566,2.5
13908,2,12.5,0,-57.7893,8.01425,4.88566,2.5
13908,5,0,12.5,-62.0461,11.1297,4.88566,2.5
13908,3,25,0,-69.8689,20.2691,4.88566,2.5
13908,4,25,12.5,-71.2066,22.463,4.88566,2.5
13908,6,0,25,-71.5214,23.0243,4.88566,2.5
13908,7,12.5,25,-71.9308,23.7535,4.88566,2.5
13908,8,25,25,-75.0518,30.1801,4.88566,2.5
14008,1,0,0,-53.08,5.59971,5.01066,2.5
14008,2,12.5,0,-57.5952,7.89558,5.01066,2.5
14008,5,0,12.5,-62.1108,11.1851,5.01066,2.5
14008,3,25,0,-69.789,20.1451,5.01066,2.5
14008,4,25,12.5,-71.1416,22.3511,5.01066,2.5
14008,6,0,25,-71.5366,23.0512,5.01066,2.5
14008,7,12.5,25,-71.9089,23.7137,5.01066,2.5
14008,8,25,25,-75.0158,30.0969,5.01066,2.5
14108,1,0,0,-53.3386,5.71183,5.13566,2.5
14108,2,12.5,0,-57.3985,7.77711,5.13566,2.5
14108,5,0,12.5,-62.1764,11.2417,5.13566,2.5
14108,3,25,0,-69.7085,20.021,5.13566,2.5
14108,4,25,12.5,-71.0764,22.2394,5.13566,2.5
14108,6,0,25,-71.5521,23.0787,5.13566,2.5
14108,7,12.5,25,-71.8874,23.6745,5.13566,2.5
14108,8,25,25,-74.9799,30.014,5.13566,2.5
14208,1,0,0,-53.5934,5.82448,5.26066,2.5
14208,2,12.5,0,-57.199,7.65885,5.26066,2.5
14208,5,0,12.5,-62.243,11.2993,5.26066,2.5
14208,3,25,0,-69.6276,19.897,5.26066,2.5
14208,4,25,12.5,-71.0108,22.1278,5.26066,2.5
14208,6,0,25,-71.5679,23.1068,5.26066,2.5
14208,7,12.5,25,-71.8661,23.6359,5.26066,2.5
14208,8,25,25,-74.944,29.9314,5.26066,2.5
14308,1,0,0,-53.8444,5.93762,5.38566,2.5
14308,2,12.5,0,-56.9969,7.54081,5.38566,2.5
14308,5,0,12.5,-62.3105,11.3581,5.38566,2.5
14308,3,25,0,-69.5462,19.773,5.38566,2.5
14308,4,25,12.5,-70.9451,22.0164,5.38566,2.5
14308,6,0,25,-71.5841,23.1356,5.38566,2.5
14308,7,12.5,25,-71.8451,23.598,5.38566,2.5
14308,8,25,25,-74.9081,29.8492,5.38566,2.5
14408,1,0,0,-54.0916,6.05123,5.51066,2.5
14408,2,12.5,0,-56.792,7.42299,5.51066,2.5
14408,5,0,12.5,-62.3788,11.4179,5.51066,2.5
14408,3,25,0,-69.4643,19.649,5.51066,2.5
14408,4,25,12.5,-70.8791,21.9051,5.51066,2.5
14408,6,0,25,-71.6007,23.165,5.51066,2.5
14408,7,12.5,25,-71.8244,23.5606,5.51066,2.5
14408,8,25,25,-74.8723,29.7672,5.51066,2.5
14508,1,0,0,-54.3352,6.16528,5.63566,2.5
14508,2,12.5,0,-56.5842,7.30542,5.63566,2.5
14508,5,0,12.5,-62.448,11.4787,5.63566,2.5
14508,3,25,0,-69.3819,19.525,5.63566,2.5
14508,4,25,12.5,-70.8128,21.794,5.63566,2.5
14508,6,0,25,-71.6175,23.1951,5.63566,2.5
14508,7,12.5,25,-71.804,23.5238,5.63566,2.5
14508,8,25,25,-74.8365,29.6855,5.63566,2.5
14608,1,0,0,-54.5752,6.27975,5.76066,2.5
14608,2,12.5,0,-56.3735,7.18809,5.76066,2.5
14608,5,0,12.5,-62.518,11.5406,5.76066,2.5
14608,3,25,0,-69.2989,19.4011,5.76066,2.5
14608,4,25,12.5,-70.7463,21.683,5.76066,2.5
14608,6,0,25,-71.6347,23.2257,5.76066,2.5
14608,7,12.5,25,-71.784,23.4876,5.76066,2.5
14608,8,25,25,-74.8007,29.6041,5.76066,2.5
14708,1,0,0,-54.8116,6.39461,5.88566,2.5
14708,2,12.5,0,-56.1598,7.07103,5.88566,2.5
14708,5,0,12.5,-62.5887,11.6035,5.88566,2.5
14708,3,25,0,-69.2155,19.2771,5.88566,2.5
14708,4,25,12.5,-70.6796,21.5722,5.88566,2.5
14708,6,0,25,-71.6522,23.2571,5.88566,2.5
14708,7,12.5,25,-71.7642,23.4521,5.88566,2.5
14708,8,25,25,-74.7649,29.523,5.88566,2.5
14808,1,0,0,-55.0446,6.50984,6.01066,2.5
14808,2,12.5,0,-55.9431,6.95424,6.01066,2.5
14808,5,0,12.5,-62.6602,11.6674,6.01066,2.5
14808,3,25,0,-69.1315,19.1532,6.01066,2.5
14808,4,25,12.5,-70.6126,21.4615,6.01066,2.5
14808,6,0,25,-71.6701,23.289,6.01066,2.5
14808,7,12.5,25,-71.7447,23.4171,6.01066,2.5
14808,8,25,25,-74.7292,29.4422,6.01066,2.5
14908,1,0,0,-55.2742,6.62543,6.13566,2.5
14908,2,12.5,0,-55.7233,6.83775,6.13566,2.5
14908,5,0,12.5,-62.7324,11.7323,6.13566,2.5
14908,3,25,0,-69.047,19.0293,6.13566,2.5
14908,4,25,12.5,-70.5453,21.351,6.13566,2.5
14908,6,0,25,-71.6883,23.3216,6.13566,2.5
14908,7,12.5,25,-71.7256,23.3828,6.13566,2.5
14908,8,25,25,-74.6936,29.3618,6.13566,2.5
15008,1,0,0,-55.5005,6.74136,6.26066,2.5
15008,2,12.5,0,-55.5003,6.72156,6.26066,2.5
15008,5,0,12.5,-62.8053,11.7981,6.26066,2.5
15008,3,25,0,-68.9619,18.9054,6.26066,2.5
15008,4,25,12.5,-70.4778,21.2406,6.26066,2.5
15008,6,0,25,-71.7068,23.3548,6.26066,2.5
15008,7,12.5,25,-71.7068,23.3491,6.26066,2.5
15008,8,25,25,-74.658,29.2816,6.26066,2.5
15108,2,12.5,0,-55.274,6.60569,6.38566,2.5
15108,1,0,0,-55.7235,6.8576,6.38566,2.5
15108,5,0,12.5,-62.8788,11.8649,6.38566,2.5
15108,3,25,0,-68.8763,18.7815,6.38566,2.5
15108,4,25,12.5,-70.4101,21.1304,6.38566,2.5
15108,6,0,25,-71.7256,23.3886,6.38566,2.5
15108,7,12.5,25,-71.6883,23.316,6.38566,2.5
15108,8,25,25,-74.6224,29.2018,6.38566,2.5
15208,2,12.5,0,-55.0444,6.49016,6.51066,2.5
15208,1,0,0,-55.9433,6.97415,6.51066,2.5
15208,5,0,12.5,-62.9529,11.9327,6.51066,2.5
15208,3,25,0,-68.7901,18.6576,6.51066,2.5
15208,4,25,12.5,-70.3421,21.0204,6.51066,2.5
15208,6,0,25,-71.7448,23.423,6.51066,2.5
15208,7,12.5,25,-71.6701,23.2835,6.51066,2.5
15208,8,25,25,-74.5869,29.1223,6.51066,2.5
15308,2,12.5,0,-54.8114,6.37499,6.63566,2.5
15308,1,0,0,-56.1601,7.09098,6.63566,2.5
15308,5,0,12.5,-63.0276,12.0013,6.63566,2.5
15308,3,25,0,-68.7034,18.5337,6.63566,2.5
15308,4,25,12.5,-70.2738,20.9105,6.63566,2.5
15308,6,0,25,-71.7642,23.4581,6.63566,2.5
15308,7,12.5,25,-71.6522,23.2517,6.63566,2.5
15308,8,25,25,-74.5514,29.0431,6.63566,2.5
15408,2,12.5,0,-54.5749,6.26019,6.76066,2.5
15408,1,0,0,-56.3737,7.20809,6.76066,2.5
15408,5,0,12.5,-63.1029,12.0709,6.76066,2.5
15408,3,25,0,-68.6161,18.4099,6.76066,2.5
15408,4,25,12.5,-70.2053,20.8008,6.76066,2.5
15408,7,12.5,25,-71.6347,23.2205,6.76066,2.5
15408,6,0,25,-71.784,23.4938,6.76066,2.5
15408,8,25,25,-74.5159,28.9642,6.76066,2.5
15508,2,12.5,0,-54.335,6.14579,6.88566,2.5
15508,1,0,0,-56.5844,7.32546,6.88566,2.5
15508,5,0,12.5,-63.1787,12.1413,6.88566,2.5
15508,3,25,0,-68.5282,18.286,6.88566,2.5
15508,4,25,12.5,-70.1366,20.6913,6.88566,2.5
15508,7,12.5,25,-71.6175,23.1899,6.88566,2.5
15508,6,0,25,-71.8041,23.53,6.88566,2.5
15508,8,25,25,-74.4806,28.8856,6.88566,2.5
15608,2,12.5,0,-54.0914,6.03182,7.01066,2.5
15608,1,0,0,-56.7922,7.44308,7.01066,2.5
15608,5,0,12.5,-63.2549,12.2127,7.01066,2.5
15608,3,25,0,-68.4397,18.1622,7.01066,2.5
15608,4,25,12.5,-70.0676,20.5819,7.01066,2.5
15608,7,12.5,25,-71.6006,23.1599,7.01066,2.5
15608,6,0,25,-71.8244,23.5669,7.01066,2.5
15608,8,25,25,-74.4452,28.8074,7.01066,2.5
15708,2,12.5,0,-53.8441,5.91829,7.13566,2.5
15708,1,0,0,-56.9971,7.56093,7.13566,2.5
15708,5,0,12.5,-63.3317,12.2849,7.13566,2.5
15708,3,25,0,-68.3506,18.0384,7.13566,2.5
15708,4,25,12.5,-69.9983,20.4728,7.13566,2.5
15708,7,12.5,25,-71.5841,23.1306,7.13566,2.5
15708,6,0,25,-71.8451,23.6044,7.13566,2.5
15708,8,25,25,-74.4099,28.7295,7.13566,2.5
15808,2,12.5,0,-53.5931,5.80523,7.26066,2.5
15808,1,0,0,-57.1992,7.67901,7.26066,2.5
15808,5,0,12.5,-63.4089,12.3579,7.26066,2.5
15808,3,25,0,-68.261,17.9146,7.26066,2.5
15808,4,25,12.5,-69.9288,20.3638,7.26066,2.5
15808,7,12.5,25,-71.5679,23.102,7.26066,2.5
15808,6,0,25,-71.8661,23.6425,7.26066,2.5
15808,8,25,25,-74.3747,28.6519,7.26066,2.5
15908,2,12.5,0,-53.3384,5.69267,7.38566,2.5
15908,1,0,0,-57.3987,7.79731,7.38566,2.5
15908,5,0,12.5,-63.4865,12.4317,7.38566,2.5
15908,3,25,0,-68.1707,17.7909,7.38566,2.5
15908,4,25,12.5,-69.859,20.255,7.38566,2.5
15908,7,12.5,25,-71.5521,23.0739,7.38566,2.5
15908,6,0,25,-71.8874,23.6812,7.38566,2.5
15908,8,25,25,-74.3395,28.5747,7.38566,2.5
16008,2,12.5,0,-53.0797,5.58064,7.51066,2.5
16008,1,0,0,-57.5954,7.91581,7.51066,2.5
16008,5,0,12.5,-63.5644,12.5064,7.51066,2.5
16008,3,25,0,-68.0798,17.6671,7.51066,2.5
16008,4,25,12.5,-69.789,20.1464,7.51066,2.5
16008,7,12.5,25,-71.5366,23.0466,7.51066,2.5
16008,6,0,25,-71.9089,23.7205,7.51066,2.5
16008,8,25,25,-74.3044,28.4978,7.51066,2.5
16108,2,12.5,0,-52.8172,5.46917,7.63566,2.5
16108,1,0,0,-57.7895,8.03451,7.63566,2.5
16108,5,0,12.5,-63.6428,12.5819,7.63566,2.5
16108,3,25,0,-67.9883,17.5434,7.63566,2.5
16108,4,25,12.5,-69.7187,20.038,7.63566,2.5
16108,7,12.5,25,-71.5214,23.0198,7.63566,2.5
16108,6,0,25,-71.9308,23.7603,7.63566,2.5
16108,8,25,25,-74.2694,28.4213,7.63566,2.5
16208,2,12.5,0,-52.5507,5.35829,7.76066,2.5
16208,1,0,0,-57.9811,8.1534,7.76066,2.5
16208,5,0,12.5,-63.7215,12.6581,7.76066,2.5
16208,3,25,0,-67.8961,17.4197,7.76066,2.5
16208,4,25,12.5,-69.6481,19.9297,7.76066,2.5
16208,7,12.5,25,-71.5066,22.9937,7.76066,2.5
16208,6,0,25,-71.953,23.8008,7.76066,2.5
16208,8,25,25,-74.2344,28.3451,7.76066,2.5
16308,2,12.5,0,-52.2802,5.24806,7.88566,2.5
16308,1,0,0,-58.1702,8.27246,7.88566,2.5
16308,5,0,12.5,-63.8005,12.7351,7.88566,2.5
16308,3,25,0,-67.8033,17.296,7.88566,2.5
16308,4,25,12.5,-69.5774,19.8217,7.88566,2.5
16308,7,12.5,25,-71.4922,22.9683,7.88566,2.5
16308,6,0,25,-71.9754,23.8418,7.88566,2.5
16308,8,25,25,-74.1995,28.2693,7.88566,2.5
16408,2,12.5,0,-52.0056,5.1385,8.01066,2.5
16408,1,0,0,-58.3569,8.39171,8.01066,2.5
16408,5,0,12.5,-63.8798,12.8129,8.01066,2.5
16408,3,25,0,-67.7099,17.1723,8.01066,2.5
16408,4,25,12.5,-69.5063,19.7139,8.01066,2.5
16408,7,12.5,25,-71.4781,22.9435,8.01066,2.5
16408,6,0,25,-71.9981,23.8835,8.01066,2.5
16408,8,25,25,-74.1646,28.1938,8.01066,2.5
16508,2,12.5,0,-51.7271,5.02966,8.13566,2.5
16508,1,0,0,-58.5412,8.51111,8.13566,2.5
16508,5,0,12.5,-63.9594,12.8914,8.13566,2.5
16508,3,25,0,-67.6158,17.0486,8.13566,2.5
16508,4,25,12.5,-69.435,19.6063,8.13566,2.5
16508,7,12.5,25,-71.4643,22.9194,8.13566,2.5
16508,6,0,25,-72.0211,23.9257,8.13566,2.5
16508,8,25,25,-74.1299,28.1186,8.13566,2.5
16608,2,12.5,0,-51.4444,4.92158,8.26066,2.5
16608,1,0,0,-58.7231,8.63067,8.26066,2.5
16608,5,0,12.5,-64.0392,12.9707,8.26066,2.5
16608,3,25,0,-67.521,16.925,8.26066,2.5
16608,4,25,12.5,-69.3635,19.4989,8.26066,2.5
16608,7,12.5,25,-71.4509,22.8959,8.26066,2.5
16608,6,0,25,-72.0443,23.9685,8.26066,2.5
16608,8,25,25,-74.0952,28.0438,8.26066,2.5
16708,2,12.5,0,-51.1577,4.81433,8.38566,2.5
16708,1,0,0,-58.9028,8.75039,8.38566,2.5
16708,5,0,12.5,-64.1193,13.0506,8.38566,2.5
16708,3,25,0,-67.4256,16.8014,8.38566,2.5
16708,4,25,12.5,-69.2916,19.3917,8.38566,2.5
16708,7,12.5,25,-71.4379,22.8731,8.38566,2.5
16708,6,0,25,-72.0679,24.0119,8.38566,2.5
16708,8,25,25,-74.0605,27.9694,8.38566,2.5
16808,2,12.5,0,-50.8669,4.70795,8.51066,2.5
16808,1,0,0,-59.0802,8.87025,8.51066,2.5
16808,5,0,12.5,-64.1995,13.1313,8.51066,2.5
16808,3,25,0,-67.3294,16.6778,8.51066,2.5
16808,4,25,12.5,-69.2196,19.2847,8.51066,2.5
16808,7,12.5,25,-71.4253,22.8509,8.51066,2.5
16808,6,0,25,-72.0917,24.0558,8.51066,2.5
16808,8,25,25,-74.026,27.8953,8.51066,2.5
16908,2,12.5,0,-50.5721,4.60251,8.63566,2.5
16908,1,0,0,-59.2555,8.99025,8.63566,2.5
16908,5,0,12.5,-64.28,13.2127,8.63566,2.5
16908,3,25,0,-67.2326,16.5542,8.63566,2.5
16908,4,25,12.5,-69.1473,19.1779,8.63566,2.5
16908,7,12.5,25,-71.413,22.8294,8.63566,2.5
16908,6,0,25,-72.1157,24.1003,8.63566,2.5
16908,8,25,25,-73.9915,27.8216,8.63566,2.5
17008,2,12.5,0,-50.2734,4.49807,8.76066,2.5
17008,1,0,0,-59.4286,9.11039,8.76066,2.5
17008,5,0,12.5,-64.3606,13.2947,8.76066,2.5
17008,3,25,0,-67.135,16.4306,8.76066,2.5
17008,4,25,12.5,-69.0747,19.0713,8.76066,2.5
17008,7,12.5,25,-71.4011,22.8086,8.76066,2.5
17008,6,0,25,-72.14,24.1454,8.76066,2.5
17008,8,25,25,-73.9571,27.7483,8.76066,2.5
17108,2,12.5,0,-49.9708,4.39471,8.88566,2.5
17108,1,0,0,-59.5997,9.23066,8.88566,2.5
17108,5,0,12.5,-64.4414,13.3774,8.88566,2.5
17108,3,25,0,-67.0368,16.3071,8.88566,2.5
17108,4,25,12.5,-69.0019,18.965,8.88566,2.5
17108,7,12.5,25,-71.3895,22.7884,8.88566,2.5
17108,6,0,25,-72.1646,24.191,8.88566,2.5
17108,8,25,25,-73.9228,27.6753,8.88566,2.5
17208,2,12.5,0,-49.6645,4.29249,9.01066,2.5
17208,1,0,0,-59.7687,9.35104,9.01066,2.5
17208,5,0,12.5,-64.5223,13.4608,9.01066,2.5
17208,3,25,0,-66.9378,16.1836,9.01066,2.5
17208,4,25,12.5,-68.9288,18.8589,9.01066,2.5
17208,7,12.5,25,-71.3783,22.769,9.01066,2.5
17208,6,0,25,-72.1895,24.2372,9.01066,2.5
17208,8,25,25,-73.8885,27.6027,9.01066,2.5
17308,2,12.5,0,-49.3547,4.19151,9.13566,2.5
17308,1,0,0,-59.9357,9.47155,9.13566,2.5
17308,5,0,12.5,-64.6034,13.5448,9.13566,2.5
17308,3,25,0,-66.838,16.0601,9.13566,2.5
17308,4,25,12.5,-68.8555,18.7531,9.13566,2.5
17308,7,12.5,25,-71.3675,22.7501,9.13566,2.5
17308,6,0,25,-72.2145,24.284,9.13566,2.5
17308,8,25,25,-73.8544,27.5305,9.13566,2.5
17408,2,12.5,0,-49.0414,4.09186,9.26066,2.5
17408,1,0,0,-60.1007,9.59218,9.26066,2.5
17408,5,0,12.5,-64.6845,13.6294,9.26066,2.5
17408,3,25,0,-66.7376,15.9366,9.26066,2.5
17408,4,25,12.5,-68.7819,18.6474,9.26066,2.5
17408,7,12.5,25,-71.3571,22.732,9.26066,2.5
17408,6,0,25,-72.2399,24.3313,9.26066,2.5
17408,8,25,25,-73.8204,27.4586,9.26066,2.5
17508,2,12.5,0,-48.7251,3.99363,9.38566,2.5
17508,1,0,0,-60.2638,9.71291,9.38566,2.5
17508,5,0,12.5,-64.7657,13.7146,9.38566,2.5
17508,3,25,0,-66.6363,15.8132,9.38566,2.5
17508,4,25,12.5,-68.7081,18.542,9.38566,2.5
17508,7,12.5,25,-71.347,22.7145,9.38566,2.5
17508,6,0,25,-72.2655,24.3791,9.38566,2.5
17508,8,25,25,-73.7864,27.3872,9.38566,2.5
17608,2,12.5,0,-48.406,3.89694,9.51066,2.5
17608,1,0,0,-60.4251,9.83375,9.51066,2.5
17608,5,0,12.5,-64.847,13.8005,9.51066,2.5
17608,3,25,0,-66.5343,15.6898,9.51066,2.5
17608,4,25,12.5,-68.634,18.4369,9.51066,2.5
17608,7,12.5,25,-71.3374,22.6977,9.51066,2.5
17608,6,0,25,-72.2913,24.4275,9.51066,2.5
17608,8,25,25,-73.7525,27.3161,9.51066,2.5
17708,2,12.5,0,-48.0845,3.8019,9.63566,2.5
17708,1,0,0,-60.5845,9.9547,9.63566,2.5
17708,5,0,12.5,-64.9284,13.8869,9.63566,2.5
17708,3,25,0,-66.4315,15.5664,9.63566,2.5
17708,4,25,12.5,-68.5597,18.332,9.63566,2.5
17708,7,12.5,25,-71.3281,22.6816,9.63566,2.5
17708,6,0,25,-72.3173,24.4764,9.63566,2.5
17708,8,25,25,-73.7188,27.2454,9.63566,2.5
17808,2,12.5,0,-47.761,3.70863,9.76066,2.5
17808,1,0,0,-60.7421,10.0757,9.76066,2.5
17808,5,0,12.5,-65.0097,13.9739,9.76066,2.5
17808,3,25,0,-66.3279,15.443,9.76066,2.5
17808,4,25,12.5,-68.4852,18.2274,9.76066,2.5
17808,7,12.5,25,-71.3192,22.6661,9.76066,2.5
17808,6,0,25,-72.3436,24.5259,9.76066,2.5
17808,8,25,25,-73.6851,27.1751,9.76066,2.5
17908,2,12.5,0,-47.4362,3.61729,9.88566,2.5
17908,1,0,0,-60.898,10.1969,9.88566,2.5
17908,5,0,12.5,-65.0912,14.0615,9.88566,2.5
17908,3,25,0,-66.2235,15.3197,9.88566,2.5
17908,4,25,12.5,-68.4104,18.123,9.88566,2.5
17908,7,12.5,25,-71.3106,22.6514,9.88566,2.5
17908,6,0,25,-72.3701,24.5759,9.88566,2.5
17908,8,25,25,-73.6515,27.1052,9.88566,2.5
18008,2,12.5,0,-47.1106,3.528,10.0107,2.5
18008,1,0,0,-61.0521,10.3181,10.0107,2.5
18008,5,0,12.5,-65.1726,14.1497,10.0107,2.5
18008,3,25,0,-66.1183,15.1964,10.0107,2.5
18008,4,25,12.5,-68.3353,18.0189,10.0107,2.5
18008,7,12.5,25,-71.3025,22.6373,10.0107,2.5
18008,6,0,25,-72.3969,24.6265,10.0107,2.5
18008,8,25,25,-73.6181,27.0357,10.0107,2.5
18108,2,12.5,0,-46.785,3.44094,10.1357,2.5
18108,1,0,0,-61.2046,10.4394,10.1357,2.5
18108,5,0,12.5,-65.254,14.2384,10.1357,2.5
18108,3,25,0,-66.0122,15.0731,10.1357,2.5
18108,4,25,12.5,-68.26,17.915,10.1357,2.5
18108,7,12.5,25,-71.2948,22.6239,10.1357,2.5
18108,6,0,25,-72.4239,24.6776,10.1357,2.5
18108,8,25,25,-73.5847,26.9666,10.1357,2.5
18208,2,12.5,0,-46.4603,3.35628,10.2607,2.5
18208,1,0,0,-61.3553,10.5608,10.2607,2.5
18208,5,0,12.5,-65.3354,14.3276,10.2607,2.5
18208,3,25,0,-65.9053,14.9499,10.2607,2.5
18208,4,25,12.5,-68.1845,17.8115,10.2607,2.5
18208,7,12.5,25,-71.2874,22.6112,10.2607,2.5
18208,6,0,25,-72.4511,24.7292,10.2607,2.5
18208,8,25,25,-73.5515,26.8979,10.2607,2.5
18308,2,12.5,0,-46.1375,3.27421,10.3857,2.5
18308,1,0,0,-61.5045,10.6823,10.3857,2.5
18308,5,0,12.5,-65.4168,14.4174,10.3857,2.5
18308,3,25,0,-65.7975,14.8266,10.3857,2.5
18308,4,25,12.5,-68.1087,17.7082,10.3857,2.5
18308,7,12.5,25,-71.2804,22.5991,10.3857,2.5
18308,6,0,25,-72.4785,24.7813,10.3857,2.5
18308,8,25,25,-73.5183,26.8296,10.3857,2.5
18408,2,12.5,0,-45.8178,3.19491,10.5107,2.5
18408,1,0,0,-61.6521,10.8039,10.5107,2.5
18408,5,0,12.5,-65.4982,14.5077,10.5107,2.5
18408,3,25,0,-65.6889,14.7034,10.5107,2.5
18408,4,25,12.5,-68.0327,17.6051,10.5107,2.5
18408,7,12.5,25,-71.2738,22.5878,10.5107,2.5
18408,6,0,25,-72.5061,24.8339,10.5107,2.5
18408,8,25,25,-73.4853,26.7617,10.5107,2.5
18508,2,12.5,0,-45.5024,3.11861,10.6357,2.5
18508,1,0,0,-61.7981,10.9255,10.6357,2.5
18508,3,25,0,-65.5794,14.5803,10.6357,2.5
18508,5,0,12.5,-65.5795,14.5985,10.6357,2.5
18508,4,25,12.5,-67.9565,17.5024,10.6357,2.5
18508,7,12.5,25,-71.2677,22.5771,10.6357,2.5
18508,6,0,25,-72.534,24.8871,10.6357,2.5
18508,8,25,25,-73.4524,26.6943,10.6357,2.5
18608,2,12.5,0,-45.1929,3.04554,10.7607,2.5
18608,1,0,0,-61.9425,11.0473,10.7607,2.5
18608,3,25,0,-65.469,14.4571,10.7607,2.5
18608,5,0,12.5,-65.6607,14.6899,10.7607,2.5
18608,4,25,12.5,-67.88,17.4,10.7607,2.5
18608,7,12.5,25,-71.2619,22.5671,10.7607,2.5
18608,6,0,25,-72.562,24.9408,10.7607,2.5
18608,8,25,25,-73.4196,26.6272,10.7607,2.5
18708,2,12.5,0,-44.8909,2.97592,10.8857,2.5
18708,1,0,0,-62.0855,11.169,10.8857,2.5
18708,3,25,0,-65.3576,14.334,10.8857,2.5
18708,5,0,12.5,-65.7419,14.7817,10.8857,2.5
18708,4,25,12.5,-67.8034,17.2978,10.8857,2.5
18708,7,12.5,25,-71.2565,22.5578,10.8857,2.5
18708,6,0,25,-72.5903,24.995,10.8857,2.5
18708,8,25,25,-73.387,26.5606,10.8857,2.5
18808,2,12.5,0,-44.5982,2.91,11.0107,2.5
18808,1,0,0,-62.227,11.2909,11.0107,2.5
18808,3,25,0,-65.2454,14.211,11.0107,2.5
18808,5,0,12.5,-65.823,14.874,11.0107,2.5
18808,4,25,12.5,-67.7264,17.196,11.0107,2.5
18808,7,12.5,25,-71.2515,22.5492,11.0107,2.5
18808,6,0,25,-72.6187,25.0496,11.0107,2.5
18808,8,25,25,-73.3545,26.4944,11.0107,2.5
18908,2,12.5,0,-44.3168,2.84805,11.1357,2.5
18908,1,0,0,-62.3671,11.4128,11.1357,2.5
18908,3,25,0,-65.1322,14.0879,11.1357,2.5
18908,5,0,12.5,-65.904,14.9667,11.1357,2.5
18908,4,25,12.5,-67.6493,17.0944,11.1357,2.5
18908,7,12.5,25,-71.2469,22.5413,11.1357,2.5
18908,6,0,25,-72.6474,25.1048,11.1357,2.5
18908,8,25,25,-73.3221,26.4286,11.1357,2.5
19008,2,12.5,0,-44.0488,2.79033,11.2607,2.5
19008,1,0,0,-62.5058,11.5348,11.2607,2.5
19008,3,25,0,-65.018,13.9649,11.2607,2.5
19008,5,0,12.5,-65.985,15.06,11.2607,2.5
19008,4,25,12.5,-67.5719,16.9932,11.2607,2.5
19008,7,12.5,25,-71.2426,22.5341,11.2607,2.5
19008,6,0,25,-72.6762,25.1605,11.2607,2.5
19008,8,25,25,-73.2898,26.3632,11.2607,2.5
19108,2,12.5,0,-43.7965,2.73711,11.3857,2.5
19108,1,0,0,-62.643,11.6569,11.3857,2.5
19108,3,25,0,-64.9028,13.842,11.3857,2.5
19108,5,0,12.5,-66.0658,15.1537,11.3857,2.5
19108,4,25,12.5,-67.4944,16.8923,11.3857,2.5
19108,7,12.5,25,-71.2388,22.5276,11.3857,2.5
19108,6,0,25,-72.7053,25.2167,11.3857,2.5
19108,8,25,25,-73.2576,26.2983,11.3857,2.5
19208,2,12.5,0,-43.5621,2.68864,11.5107,2.5
19208,1,0,0,-62.7789,11.779,11.5107,2.5
19208,3,25,0,-64.7867,13.719,11.5107,2.5
19208,5,0,12.5,-66.1465,15.2478,11.5107,2.5
19208,4,25,12.5,-67.4166,16.7917,11.5107,2.5
19208,7,12.5,25,-71.2354,22.5217,11.5107,2.5
19208,6,0,25,-72.7345,25.2734,11.5107,2.5
19208,8,25,25,-73.2256,26.2338,11.5107,2.5
19308,2,12.5,0,-43.348,2.6452,11.6357,2.5
19308,1,0,0,-62.9135,11.9012,11.6357,2.5
19308,3,25,0,-64.6696,13.5962,11.6357,2.5
19308,5,0,12.5,-66.2271,15.3424,11.6357,2.5
19308,4,25,12.5,-67.3386,16.6915,11.6357,2.5
19308,7,12.5,25,-71.2324,22.5166,11.6357,2.5
19308,6,0,25,-72.764,25.3306,11.6357,2.5
19308,8,25,25,-73.1938,26.1697,11.6357,2.5
19408,2,12.5,0,-43.1566,2.60703,11.7607,2.5
19408,1,0,0,-63.0467,12.0234,11.7607,2.5
19408,3,25,0,-64.5514,13.4733,11.7607,2.5
19408,5,0,12.5,-66.3075,15.4374,11.7607,2.5
19408,4,25,12.5,-67.2604,16.5916,11.7607,2.5
19408,7,12.5,25,-71.2298,22.5121,11.7607,2.5
19408,6,0,25,-72.7936,25.3882,11.7607,2.5
19408,8,25,25,-73.1621,26.1061,11.7607,2.5
19508,2,12.5,0,-42.9902,2.57438,11.8857,2.5
19508,1,0,0,-63.1787,12.1457,11.8857,2.5
19508,3,25,0,-64.4322,13.3505,11.8857,2.5
19508,5,0,12.5,-66.3878,15.5328,11.8857,2.5
19508,4,25,12.5,-67.182,16.492,11.8857,2.5
19508,7,12.5,25,-71.2276,22.5084,11.8857,2.5
19508,6,0,25,-72.8234,25.4464,11.8857,2.5
19508,8,25,25,-73.1305,26.043,11.8857,2.5
19608,2,12.5,0,-42.8507,2.54744,12.0107,2.5
19608,1,0,0,-63.3094,12.2681,12.0107,2.5
19608,3,25,0,-64.3119,13.2277,12.0107,2.5
19608,5,0,12.5,-66.468,15.6287,12.0107,2.5
19608,4,25,12.5,-67.1033,16.3928,12.0107,2.5
19608,7,12.5,25,-71.2258,22.5053,12.0107,2.5
19608,6,0,25,-72.8533,25.505,12.0107,2.5
19608,8,25,25,-73.0991,25.9802,12.0107,2.5
19708,2,12.5,0,-42.7402,2.52641,12.1357,2.5
19708,1,0,0,-63.4388,12.3905,12.1357,2.5
19708,3,25,0,-64.1906,13.105,12.1357,2.5
19708,5,0,12.5,-66.548,15.725,12.1357,2.5
19708,4,25,12.5,-67.0245,16.2939,12.1357,2.5
19708,7,12.5,25,-71.2244,22.5029,12.1357,2.5
19708,6,0,25,-72.8835,25.5641,12.1357,2.5
19708,8,25,25,-73.0678,25.918,12.1357,2.5
19808,2,12.5,0,-42.6601,2.51143,12.2607,2.5
19808,1,0,0,-63.5671,12.5129,12.2607,2.5
19808,3,25,0,-64.0681,12.9823,12.2607,2.5
19808,5,0,12.5,-66.6279,15.8216,12.2607,2.5
19808,4,25,12.5,-66.9456,16.1954,12.2607,2.5
19808,7,12.5,25,-71.2234,22.5013,12.2607,2.5
19808,6,0,25,-72.9138,25.6237,12.2607,2.5
19808,8,25,25,-73.0367,25.8562,12.2607,2.5
19908,2,12.5,0,-42.6115,2.50261,12.3857,2.5
19908,1,0,0,-63.6941,12.6355,12.3857,2.5
19908,3,25,0,-63.9445,12.8597,12.3857,2.5
19908,5,0,12.5,-66.7076,15.9187,12.3857,2.5
19908,4,25,12.5,-66.8664,16.0973,12.3857,2.5
19908,7,12.5,25,-71.2228,22.5003,12.3857,2.5
19908,6,0,25,-72.9443,25.6837,12.3857,2.5
19908,8,25,25,-73.0057,25.7948,12.3857,2.5
20008,2,12.5,0,-42.5953,2.50002,12.5107,2.5
20008,1,0,0,-63.82,12.758,12.5107,2.5
20008,3,25,0,-63.8198,12.7371,12.5107,2.5
20008,4,25,12.5,-66.787,15.9995,12.5107,2.5
20008,5,0,12.5,-66.7871,16.0161,12.5107,2.5
20008,7,12.5,25,-71.2226,22.5,12.5107,2.5
20008,6,0,25,-72.9749,25.7443,12.5107,2.5
20008,8,25,25,-72.9749,25.7339,12.5107,2.5
20108,2,12.5,0,-42.6116,2.50368,12.6357,2.5
20108,3,25,0,-63.694,12.6145,12.6357,2.5
20108,1,0,0,-63.9447,12.8806,12.6357,2.5
20108,4,25,12.5,-66.7075,15.9021,12.6357,2.5
20108,5,0,12.5,-66.8665,16.114,12.6357,2.5
20108,7,12.5,25,-71.2228,22.5004,12.6357,2.5
20108,6,0,25,-73.0057,25.8052,12.6357,2.5
20108,8,25,25,-72.9442,25.6735,12.6357,2.5
20208,2,12.5,0,-42.6602,2.51355,12.7607,2.5
20208,3,25,0,-63.5669,12.4921,12.7607,2.5
20208,1,0,0,-64.0682,13.0032,12.7607,2.5
20208,4,25,12.5,-66.6278,15.8051,12.7607,2.5
20208,5,0,12.5,-66.9456,16.2122,12.7607,2.5
20208,7,12.5,25,-71.2234,22.5015,12.7607,2.5
20208,8,25,25,-72.9137,25.6135,12.7607,2.5
20208,6,0,25,-73.0367,25.8667,12.7607,2.5
20308,2,12.5,0,-42.7403,2.52957,12.8857,2.5
20308,3,25,0,-63.4387,12.3696,12.8857,2.5
20308,1,0,0,-64.1907,13.1259,12.8857,2.5
20308,4,25,12.5,-66.5479,15.7085,12.8857,2.5
20308,5,0,12.5,-67.0246,16.3107,12.8857,2.5
20308,7,12.5,25,-71.2244,22.5033,12.8857,2.5
20308,8,25,25,-72.8834,25.554,12.8857,2.5
20308,6,0,25,-73.0678,25.9286,12.8857,2.5
20408,2,12.5,0,-42.8509,2.55162,13.0107,2.5
20408,3,25,0,-63.3093,12.2472,13.0107,2.5
20408,1,0,0,-64.312,13.2487,13.0107,2.5
20408,4,25,12.5,-66.4679,15.6123,13.0107,2.5
20408,5,0,12.5,-67.1034,16.4097,13.0107,2.5
20408,7,12.5,25,-71.2258,22.5058,13.0107,2.5
20408,8,25,25,-72.8533,25.495,13.0107,2.5
20408,6,0,25,-73.0991,25.9909,13.0107,2.5
20508,2,12.5,0,-42.9903,2.57955,13.1357,2.5
20508,3,25,0,-63.1786,12.1249,13.1357,2.5
20508,1,0,0,-64.4323,13.3714,13.1357,2.5
20508,4,25,12.5,-66.3877,15.5165,13.1357,2.5
20508,5,0,12.5,-67.182,16.509,13.1357,2.5
20508,7,12.5,25,-71.2276,22.509,13.1357,2.5
20508,8,25,25,-72.8233,25.4364,13.1357,2.5
20508,6,0,25,-73.1305,26.0537,13.1357,2.5
20608,2,12.5,0,-43.1568,2.61316,13.2607,2.5
20608,3,25,0,-63.0466,12.0026,13.2607,2.5
20608,1,0,0,-64.5515,13.4943,13.2607,2.5
20608,4,25,12.5,-66.3074,15.4212,13.2607,2.5
20608,5,0,12.5,-67.2604,16.6086,13.2607,2.5
20608,7,12.5,25,-71.2298,22.5129,13.2607,2.5
20608,8,25,25,-72.7935,25.3784,13.2607,2.5
20608,6,0,25,-73.1621,26.117,13.2607,2.5
20708,2,12.5,0,-43.3482,2.65224,13.3857,2.5
20708,3,25,0,-62.9133,11.8804,13.3857,2.5
20708,1,0,0,-64.6697,13.6171,13.3857,2.5
20708,4,25,12.5,-66.227,15.3262,13.3857,2.5
20708,5,0,12.5,-67.3386,16.7086,13.3857,2.5
20708,7,12.5,25,-71.2324,22.5174,13.3857,2.5
20708,8,25,25,-72.7639,25.3208,13.3857,2.5
20708,6,0,25,-73.1938,26.1806,13.3857,2.5
20808,2,12.5,0,-43.5623,2.69656,13.5107,2.5
20808,3,25,0,-62.7788,11.7582,13.5107,2.5
20808,1,0,0,-64.7868,13.74,13.5107,2.5
20808,4,25,12.5,-66.1464,15.2317,13.5107,2.5
20808,5,0,12.5,-67.4166,16.8089,13.5107,2.5
20808,7,12.5,25,-71.2354,22.5227,13.5107,2.5
20808,8,25,25,-72.7345,25.2637,13.5107,2.5
20808,6,0,25,-73.2257,26.2448,13.5107,2.5
20908,2,12.5,0,-43.7967,2.74586,13.6357,2.5
20908,3,25,0,-62.6429,11.6361,13.6357,2.5
20908,1,0,0,-64.903,13.8629,13.6357,2.5
20908,4,25,12.5,-66.0657,15.1376,13.6357,2.5
20908,5,0,12.5,-67.4944,16.9095,13.6357,2.5
20908,7,12.5,25,-71.2388,22.5286,13.6357,2.5
20908,8,25,25,-72.7053,25.2071,13.6357,2.5
20908,6,0,25,-73.2577,26.3093,13.6357,2.5
21008,2,12.5,0,-44.0491,2.79987,13.7607,2.5
21008,3,25,0,-62.5056,11.514,13.7607,2.5
21008,1,0,0,-65.0181,13.9859,13.7607,2.5
21008,4,25,12.5,-65.9849,15.044,13.7607,2.5
21008,5,0,12.5,-67.572,17.0105,13.7607,2.5
21008,7,12.5,25,-71.2427,22.5353,13.7607,2.5
21008,8,25,25,-72.6762,25.151,13.7607,2.5
21008,6,0,25,-73.2898,26.3743,13.7607,2.5
21108,2,12.5,0,-44.3171,2.85833,13.8857,2.5
21108,3,25,0,-62.367,11.392,13.8857,2.5
21108,1,0,0,-65.1323,14.1089,13.8857,2.5
21108,4,25,12.5,-65.904,14.9509,13.8857,2.5
21108,5,0,12.5,-67.6494,17.1117,13.8857,2.5
21108,7,12.5,25,-71.2469,22.5426,13.8857,2.5
21108,8,25,25,-72.6474,25.0954,13.8857,2.5
21108,6,0,25,-73.3221,26.4398,13.8857,2.5
21208,2,12.5,0,-44.5985,2.92098,14.0107,2.5
21208,3,25,0,-62.2269,11.2701,14.0107,2.5
21208,1,0,0,-65.2455,14.232,14.0107,2.5
21208,4,25,12.5,-65.8229,14.8582,14.0107,2.5
21208,5,0,12.5,-67.7265,17.2133,14.0107,2.5
21208,7,12.5,25,-71.2515,22.5507,14.0107,2.5
21208,8,25,25,-72.6187,25.0403,14.0107,2.5
21208,6,0,25,-73.3545,26.5056,14.0107,2.5
21308,2,12.5,0,-44.8912,2.98754,14.1357,2.5
21308,3,25,0,-62.0854,11.1483,14.1357,2.5
21308,1,0,0,-65.3577,14.355,14.1357,2.5
21308,4,25,12.5,-65.7418,14.766,14.1357,2.5
21308,5,0,12.5,-67.8034,17.3152,14.1357,2.5
21308,7,12.5,25,-71.2565,22.5594,14.1357,2.5
21308,8,25,25,-72.5902,24.9857,14.1357,2.5
21308,6,0,25,-73.387,26.5719,14.1357,2.5
21408,2,12.5,0,-45.1932,3.05777,14.2607,2.5
21408,3,25,0,-61.9424,11.0265,14.2607,2.5
21408,1,0,0,-65.4691,14.4781,14.2607,2.5
21408,4,25,12.5,-65.6607,14.6742,14.2607,2.5
21408,5,0,12.5,-67.8801,17.4174,14.2607,2.5
21408,7,12.5,25,-71.2619,22.5688,14.2607,2.5
21408,8,25,25,-72.562,24.9316,14.2607,2.5
21408,6,0,25,-73.4197,26.6386,14.2607,2.5
21508,2,12.5,0,-45.5028,3.13141,14.3857,2.5
21508,3,25,0,-61.7979,10.9048,14.3857,2.5
21508,1,0,0,-65.5795,14.6013,14.3857,2.5
21508,4,25,12.5,-65.5794,14.583,14.3857,2.5
21508,5,0,12.5,-67.9566,17.5199,14.3857,2.5
21508,7,12.5,25,-71.2677,22.5789,14.3857,2.5
21508,8,25,25,-72.5339,24.878,14.3857,2.5
21508,6,0,25,-73.4525,26.7058,14.3857,2.5
21608,2,12.5,0,-45.8181,3.20823,14.5107,2.5
21608,3,25,0,-61.6519,10.7831,14.5107,2.5
21608,4,25,12.5,-65.4981,14.4923,14.5107,2.5
21608,1,0,0,-65.689,14.7244,14.5107,2.5
21608,5,0,12.5,-68.0328,17.6227,14.5107,2.5
21608,7,12.5,25,-71.2738,22.5897,14.5107,2.5
21608,8,25,25,-72.5061,24.8249,14.5107,2.5
21608,6,0,25,-73.4854,26.7733,14.5107,2.5
21708,2,12.5,0,-46.1378,3.28802,14.6357,2.5
21708,3,25,0,-61.5043,10.6616,14.6357,2.5
21708,4,25,12.5,-65.4167,14.4021,14.6357,2.5
21708,1,0,0,-65.7977,14.8476,14.6357,2.5
21708,5,0,12.5,-68.1088,17.7258,14.6357,2.5
21708,7,12.5,25,-71.2804,22.6011,14.6357,2.5
21708,8,25,25,-72.4785,24.7724,14.6357,2.5
21708,6,0,25,-73.5184,26.8412,14.6357,2.5
21808,2,12.5,0,-46.4606,3.37055,14.7607,2.5
21808,3,25,0,-61.3552,10.5401,14.7607,2.5
21808,4,25,12.5,-65.3354,14.3124,14.7607,2.5
21808,1,0,0,-65.9054,14.9709,14.7607,2.5
21808,5,0,12.5,-68.1846,17.8291,14.7607,2.5
21808,7,12.5,25,-71.2874,22.6133,14.7607,2.5
21808,8,25,25,-72.451,24.7203,14.7607,2.5
21808,6,0,25,-73.5515,26.9096,14.7607,2.5
21908,2,12.5,0,-46.7853,3.45563,14.8857,2.5
21908,3,25,0,-61.2044,10.4187,14.8857,2.5
21908,4,25,12.5,-65.2539,14.2232,14.8857,2.5
21908,1,0,0,-66.0123,15.0941,14.8857,2.5
21908,5,0,12.5,-68.2601,17.9327,14.8857,2.5
21908,7,12.5,25,-71.2948,22.6261,14.8857,2.5
21908,8,25,25,-72.4238,24.6688,14.8857,2.5
21908,6,0,25,-73.5848,26.9784,14.8857,2.5
22008,2,12.5,0,-47.1109,3.54308,15.0107,2.5
22008,3,25,0,-61.052,10.2974,15.0107,2.5
22008,4,25,12.5,-65.1725,14.1346,15.0107,2.5
22008,1,0,0,-66.1184,15.2174,15.0107,2.5
22008,5,0,12.5,-68.3354,18.0366,15.0107,2.5
22008,7,12.5,25,-71.3025,22.6396,15.0107,2.5
22008,8,25,25,-72.3969,24.6178,15.0107,2.5
22008,6,0,25,-73.6181,27.0476,15.0107,2.5
22108,2,12.5,0,-47.4365,3.63273,15.1357,2.5
22108,3,25,0,-60.8978,10.1762,15.1357,2.5
22108,4,25,12.5,-65.0911,14.0465,15.1357,2.5
22108,1,0,0,-66.2236,15.3407,15.1357,2.5
22108,5,0,12.5,-68.4104,18.1408,15.1357,2.5
22108,7,12.5,25,-71.3107,22.6538,15.1357,2.5
22108,8,25,25,-72.3701,24.5674,15.1357,2.5
22108,6,0,25,-73.6516,27.1171,15.1357,2.5
22208,2,12.5,0,-47.7613,3.72441,15.2607,2.5
22208,3,25,0,-60.742,10.0551,15.2607,2.5
22208,4,25,12.5,-65.0097,13.959,15.2607,2.5
22208,1,0,0,-66.328,15.4641,15.2607,2.5
22208,5,0,12.5,-68.4852,18.2452,15.2607,2.5
22208,7,12.5,25,-71.3192,22.6687,15.2607,2.5
22208,8,25,25,-72.3436,24.5174,15.2607,2.5
22208,6,0,25,-73.6851,27.1871,15.2607,2.5
22308,2,12.5,0,-48.0848,3.81799,15.3857,2.5
22308,3,25,0,-60.5843,9.93406,15.3857,2.5
22308,4,25,12.5,-64.9283,13.8721,15.3857,2.5
22308,1,0,0,-66.4316,15.5875,15.3857,2.5
22308,5,0,12.5,-68.5598,18.3499,15.3857,2.5
22308,7,12.5,25,-71.3281,22.6843,15.3857,2.5
22308,8,25,25,-72.3173,24.4681,15.3857,2.5
22308,6,0,25,-73.7188,27.2575,15.3857,2.5
22408,2,12.5,0,-48.4063,3.91332,15.5107,2.5
22408,3,25,0,-60.4249,9.81313,15.5107,2.5
22408,4,25,12.5,-64.8469,13.7858,15.5107,2.5
22408,1,0,0,-66.5344,15.7108,15.5107,2.5
22408,5,0,12.5,-68.6341,18.4548,15.5107,2.5
22408,7,12.5,25,-71.3374,22.7005,15.5107,2.5
22408,8,25,25,-72.2912,24.4192,15.5107,2.5
22408,6,0,25,-73.7526,27.3282,15.5107,2.5
22508,2,12.5,0,-48.7254,4.01028,15.6357,2.5
22508,3,25,0,-60.2637,9.69231,15.6357,2.5
22508,4,25,12.5,-64.7656,13.7,15.6357,2.5
22508,1,0,0,-66.6364,15.8343,15.6357,2.5
22508,5,0,12.5,-68.7082,18.56,15.6357,2.5
22508,7,12.5,25,-71.347,22.7174,15.6357,2.5
22508,8,25,25,-72.2654,24.3709,15.6357,2.5
22508,6,0,25,-73.7864,27.3993,15.6357,2.5
22608,2,12.5,0,-49.0417,4.10876,15.7607,2.5
22608,3,25,0,-60.1005,9.57159,15.7607,2.5
22608,4,25,12.5,-64.6844,13.6149,15.7607,2.5
22608,1,0,0,-66.7377,15.9577,15.7607,2.5
22608,5,0,12.5,-68.782,18.6654,15.7607,2.5
22608,7,12.5,25,-71.3571,22.735,15.7607,2.5
22608,8,25,25,-72.2398,24.3231,15.7607,2.5
22608,6,0,25,-73.8204,27.4709,15.7607,2.5
22708,2,12.5,0,-49.355,4.20865,15.8857,2.5
22708,3,25,0,-59.9355,9.45099,15.8857,2.5
22708,4,25,12.5,-64.6033,13.5304,15.8857,2.5
22708,1,0,0,-66.8381,16.0812,15.8857,2.5
22708,5,0,12.5,-68.8556,18.7711,15.8857,2.5
22708,7,12.5,25,-71.3675,22.7533,15.8857,2.5
22708,8,25,25,-72.2145,24.2759,15.8857,2.5
22708,6,0,25,-73.8544,27.5428,15.8857,2.5
22808,2,12.5,0,-49.6648,4.30984,16.0107,2.5
22808,3,25,0,-59.7685,9.3305,16.0107,2.5
22808,4,25,12.5,-64.5222,13.4465,16.0107,2.5
22808,1,0,0,-66.9379,16.2047,16.0107,2.5
22808,5,0,12.5,-68.9289,18.877,16.0107,2.5
22808,7,12.5,25,-71.3783,22.7722,16.0107,2.5
22808,8,25,25,-72.1894,24.2293,16.0107,2.5
22808,6,0,25,-73.8886,27.6151,16.0107,2.5
22908,2,12.5,0,-49.9711,4.41226,16.1357,2.5
22908,3,25,0,-59.5995,9.21013,16.1357,2.5
22908,4,25,12.5,-64.4413,13.3633,16.1357,2.5
22908,1,0,0,-67.0369,16.3282,16.1357,2.5
22908,5,0,12.5,-69.002,18.9831,16.1357,2.5
22908,7,12.5,25,-71.3895,22.7918,16.1357,2.5
22908,8,25,25,-72.1646,24.1832,16.1357,2.5
22908,6,0,25,-73.9228,27.6877,16.1357,2.5
23008,2,12.5,0,-50.2737,4.51581,16.2607,2.5
23008,3,25,0,-59.4285,9.08989,16.2607,2.5
23008,4,25,12.5,-64.3605,13.2807,16.2607,2.5
23008,1,0,0,-67.1351,16.4517,16.2607,2.5
23008,5,0,12.5,-69.0748,19.0895,16.2607,2.5
23008,7,12.5,25,-71.4011,22.8121,16.2607,2.5
23008,8,25,25,-72.14,24.1376,16.2607,2.5
23008,6,0,25,-73.9571,27.7607,16.2607,2.5
23108,2,12.5,0,-50.5724,4.62043,16.3857,2.5
23108,3,25,0,-59.2553,8.96977,16.3857,2.5
23108,4,25,12.5,-64.2799,13.1987,16.3857,2.5
23108,1,0,0,-67.2327,16.5753,16.3857,2.5
23108,5,0,12.5,-69.1473,19.1961,16.3857,2.5
23108,7,12.5,25,-71.413,22.8331,16.3857,2.5
23108,8,25,25,-72.1157,24.0927,16.3857,2.5
23108,6,0,25,-73.9915,27.8342,16.3857,2.5
23208,2,12.5,0,-50.8672,4.72604,16.5107,2.5
23208,3,25,0,-59.0801,8.84979,16.5107,2.5
23208,4,25,12.5,-64.1994,13.1175,16.5107,2.5
23208,1,0,0,-67.3295,16.6989,16.5107,2.5
23208,5,0,12.5,-69.2197,19.3029,16.5107,2.5
23208,7,12.5,25,-71.4253,22.8547,16.5107,2.5
23208,8,25,25,-72.0916,24.0483,16.5107,2.5
23208,6,0,25,-74.026,27.9079,16.5107,2.5
23308,2,12.5,0,-51.158,4.83257,16.6357,2.5
23308,3,25,0,-58.9026,8.72996,16.6357,2.5
23308,4,25,12.5,-64.1192,13.037,16.6357,2.5
23308,1,0,0,-67.4257,16.8225,16.6357,2.5
23308,5,0,12.5,-69.2917,19.4099,16.6357,2.5
23308,7,12.5,25,-71.4379,22.8769,16.6357,2.5
23308,8,25,25,-72.0678,24.0044,16.6357,2.5
23308,6,0,25,-74.0606,27.9821,16.6357,2.5
23408,2,12.5,0,-51.4447,4.93996,16.7607,2.5
23408,3,25,0,-58.7229,8.61027,16.7607,2.5
23408,4,25,12.5,-64.0391,12.9571,16.7607,2.5
23408,1,0,0,-67.5211,16.9461,16.7607,2.5
23408,5,0,12.5,-69.3635,19.5172,16.7607,2.5
23408,7,12.5,25,-71.451,22.8999,16.7607,2.5
23408,8,25,25,-72.0443,23.9611,16.7607,2.5
23408,6,0,25,-74.0952,28.0565,16.7607,2.5
23508,2,12.5,0,-51.7273,5.04817,16.8857,2.5
23508,3,25,0,-58.541,8.49073,16.8857,2.5
23508,4,25,12.5,-63.9593,12.878,16.8857,2.5
23508,1,0,0,-67.6159,17.0697,16.8857,2.5
23508,5,0,12.5,-69.4351,19.6246,16.8857,2.5
23508,7,12.5,25,-71.4643,22.9234,16.8857,2.5
23508,8,25,25,-72.0211,23.9185,16.8857,2.5
23508,6,0,25,-74.1299,28.1314,16.8857,2.5
23608,2,12.5,0,-52.0059,5.15714,17.0107,2.5
23608,3,25,0,-58.3567,8.37135,17.0107,2.5
23608,4,25,12.5,-63.8797,12.7996,17.0107,2.5
23608,1,0,0,-67.71,17.1934,17.0107,2.5
23608,5,0,12.5,-69.5064,19.7323,17.0107,2.5
23608,7,12.5,25,-71.4781,22.9477,17.0107,2.5
23608,8,25,25,-71.9981,23.8763,17.0107,2.5
23608,6,0,25,-74.1647,28.2066,17.0107,2.5
23708,2,12.5,0,-52.2805,5.26682,17.1357,2.5
23708,3,25,0,-58.17,8.25214,17.1357,2.5
23708,4,25,12.5,-63.8004,12.7219,17.1357,2.5
23708,1,0,0,-67.8034,17.3171,17.1357,2.5
23708,5,0,12.5,-69.5774,19.8401,17.1357,2.5
23708,7,12.5,25,-71.4922,22.9726,17.1357,2.5
23708,8,25,25,-71.9754,23.8348,17.1357,2.5
23708,6,0,25,-74.1995,28.2822,17.1357,2.5
23808,2,12.5,0,-52.5509,5.37717,17.2607,2.5
23808,3,25,0,-57.9809,8.1331,17.2607,2.5
23808,4,25,12.5,-63.7214,12.6451,17.2607,2.5
23808,1,0,0,-67.8962,17.4408,17.2607,2.5
23808,5,0,12.5,-69.6482,19.9482,17.2607,2.5
23808,7,12.5,25,-71.5066,22.9981,17.2607,2.5
23808,8,25,25,-71.9529,23.7939,17.2607,2.5
23808,6,0,25,-74.2344,28.3581,17.2607,2.5
23908,2,12.5,0,-52.8174,5.48814,17.3857,2.5
23908,3,25,0,-57.7893,8.01425,17.3857,2.5
23908,4,25,12.5,-63.6427,12.5689,17.3857,2.5
23908,1,0,0,-67.9884,17.5645,17.3857,2.5
23908,5,0,12.5,-69.7188,20.0565,17.3857,2.5
23908,7,12.5,25,-71.5214,23.0243,17.3857,2.5
23908,8,25,25,-71.9308,23.7535,17.3857,2.5
23908,6,0,25,-74.2694,28.4343,17.3857,2.5
24008,2,12.5,0,-53.08,5.59971,17.5107,2.5
24008,3,25,0,-57.5952,7.89558,17.5107,2.5
24008,4,25,12.5,-63.5644,12.4936,17.5107,2.5
24008,1,0,0,-68.0799,17.6882,17.5107,2.5
24008,5,0,12.5,-69.789,20.1649,17.5107,2.5
24008,7,12.5,25,-71.5366,23.0512,17.5107,2.5
24008,8,25,25,-71.9089,23.7137,17.5107,2.5
24008,6,0,25,-74.3045,28.5109,17.5107,2.5
24108,2,12.5,0,-53.3386,5.71183,17.6357,2.5
24108,3,25,0,-57.3985,7.77711,17.6357,2.5
24108,4,25,12.5,-63.4864,12.4191,17.6357,2.5
24108,1,0,0,-68.1708,17.812,17.6357,2.5
24108,5,0,12.5,-69.8591,20.2735,17.6357,2.5
24108,7,12.5,25,-71.5521,23.0787,17.6357,2.5
24108,8,25,25,-71.8874,23.6745,17.6357,2.5
24108,6,0,25,-74.3396,28.5879,17.6357,2.5
24208,2,12.5,0,-53.5934,5.82448,17.7607,2.5
24208,3,25,0,-57.199,7.65885,17.7607,2.5
24208,4,25,12.5,-63.4088,12.3454,17.7607,2.5
24208,1,0,0,-68.2611,17.9358,17.7607,2.5
24208,5,0,12.5,-69.9288,20.3824,17.7607,2.5
24208,7,12.5,25,-71.5679,23.1068,17.7607,2.5
24208,8,25,25,-71.8661,23.6359,17.7607,2.5
24208,6,0,25,-74.3747,28.6652,17.7607,2.5
24308,2,12.5,0,-53.8444,5.93762,17.8857,2.5
24308,3,25,0,-56.9969,7.54081,17.8857,2.5
24308,4,25,12.5,-63.3316,12.2725,17.8857,2.5
24308,1,0,0,-68.3507,18.0595,17.8857,2.5
24308,5,0,12.5,-69.9984,20.4914,17.8857,2.5
24308,7,12.5,25,-71.5841,23.1356,17.8857,2.5
24308,8,25,25,-71.8451,23.598,17.8857,2.5
24308,6,0,25,-74.41,28.7428,17.8857,2.5
24408,2,12.5,0,-54.0916,6.05123,18.0107,2.5
24408,3,25,0,-56.792,7.42299,18.0107,2.5
24408,4,25,12.5,-63.2549,12.2004,18.0107,2.5
24408,1,0,0,-68.4398,18.1833,18.0107,2.5
24408,5,0,12.5,-70.0676,20.6006,18.0107,2.5
24408,7,12.5,25,-71.6007,23.165,18.0107,2.5
24408,8,25,25,-71.8244,23.5606,18.0107,2.5
24408,6,0,25,-74.4453,28.8207,18.0107,2.5
24508,2,12.5,0,-54.3352,6.16528,18.1357,2.5
24508,3,25,0,-56.5842,7.30542,18.1357,2.5
24508,4,25,12.5,-63.1786,12.1293,18.1357,2.5
24508,1,0,0,-68.5283,18.3072,18.1357,2.5
24508,5,0,12.5,-70.1366,20.71,18.1357,2.5
24508,7,12.5,25,-71.6175,23.1951,18.1357,2.5
24508,8,25,25,-71.804,23.5238,18.1357,2.5
24508,6,0,25,-74.4806,28.899,18.1357,2.5
24608,2,12.5,0,-54.5752,6.27975,18.2607,2.5
24608,3,25,0,-56.3735,7.18809,18.2607,2.5
24608,4,25,12.5,-63.1028,12.059,18.2607,2.5
24608,1,0,0,-68.6161,18.431,18.2607,2.5
24608,5,0,12.5,-70.2054,20.8195,18.2607,2.5
24608,7,12.5,25,-71.6347,23.2257,18.2607,2.5
24608,8,25,25,-71.784,23.4876,18.2607,2.5
24608,6,0,25,-74.516,28.9776,18.2607,2.5
24708,2,12.5,0,-54.8116,6.39461,18.3857,2.5
24708,3,25,0,-56.1598,7.07103,18.3857,2.5
24708,4,25,12.5,-63.0275,11.9896,18.3857,2.5
24708,1,0,0,-68.7034,18.5549,18.3857,2.5
24708,5,0,12.5,-70.2739,20.9292,18.3857,2.5
24708,7,12.5,25,-71.6522,23.2571,18.3857,2.5
24708,8,25,25,-71.7642,23.4521,18.3857,2.5
24708,6,0,25,-74.5514,29.0565,18.3857,2.5
24808,2,12.5,0,-55.0446,6.50984,18.5107,2.5
24808,3,25,0,-55.9431,6.95424,18.5107,2.5
24808,4,25,12.5,-62.9528,11.9211,18.5107,2.5
24808,1,0,0,-68.7902,18.6787,18.5107,2.5
24808,5,0,12.5,-70.3422,21.0391,18.5107,2.5
24808,7,12.5,25,-71.6701,23.289,18.5107,2.5
24808,8,25,25,-71.7447,23.4171,18.5107,2.5
24808,6,0,25,-74.5869,29.1358,18.5107,2.5
24908,2,12.5,0,-55.2742,6.62543,18.6357,2.5
24908,3,25,0,-55.7233,6.83775,18.6357,2.5
24908,4,25,12.5,-62.8787,11.8535,18.6357,2.5
24908,1,0,0,-68.8764,18.8026,18.6357,2.5
24908,5,0,12.5,-70.4102,21.1492,18.6357,2.5
24908,7,12.5,25,-71.6883,23.3216,18.6357,2.5
24908,8,25,25,-71.7256,23.3828,18.6357,2.5
24908,6,0,25,-74.6224,29.2154,18.6357,2.5
25008,2,12.5,0,-55.5005,6.74136,18.7607,2.5
25008,3,25,0,-55.5003,6.72156,18.7607,2.5
25008,4,25,12.5,-62.8052,11.7868,18.7607,2.5
25008,1,0,0,-68.962,18.9265,18.7607,2.5
25008,5,0,12.5,-70.4779,21.2594,18.7607,2.5
25008,7,12.5,25,-71.7068,23.3548,18.7607,2.5
25008,8,25,25,-71.7068,23.3491,18.7607,2.5
25008,6,0,25,-74.658,29.2953,18.7607,2.5
25108,3,25,0,-55.274,6.60569,18.8857,2.5
25108,2,12.5,0,-55.7235,6.8576,18.8857,2.5
25108,4,25,12.5,-62.7323,11.7211,18.8857,2.5
25108,1,0,0,-69.047,19.0504,18.8857,2.5
25108,5,0,12.5,-70.5454,21.3698,18.8857,2.5
25108,7,12.5,25,-71.7256,23.3886,18.8857,2.5
25108,8,25,25,-71.6883,23.316,18.8857,2.5
25108,6,0,25,-74.6936,29.3755,18.8857,2.5
25208,3,25,0,-55.0444,6.49016,19.0107,2.5
25208,2,12.5,0,-55.9433,6.97415,19.0107,2.5
25208,4,25,12.5,-62.6601,11.6564,19.0107,2.5
25208,1,0,0,-69.1316,19.1743,19.0107,2.5
25208,5,0,12.5,-70.6126,21.4803,19.0107,2.5
25208,7,12.5,25,-71.7448,23.423,19.0107,2.5
25208,8,25,25,-71.6701,23.2835,19.0107,2.5
25208,6,0,25,-74.7293,29.456,19.0107,2.5
25308,3,25,0,-54.8114,6.37499,19.1357,2.5
25308,2,12.5,0,-56.1601,7.09098,19.1357,2.5
25308,4,25,12.5,-62.5887,11.5927,19.1357,2.5
25308,1,0,0,-69.2156,19.2983,19.1357,2.5
25308,5,0,12.5,-70.6796,21.5911,19.1357,2.5
25308,7,12.5,25,-71.7642,23.4581,19.1357,2.5
25308,8,25,25,-71.6522,23.2517,19.1357,2.5
25308,6,0,25,-74.765,29.5368,19.1357,2.5
25408,3,25,0,-54.5749,6.26019,19.2607,2.5
25408,2,12.5,0,-56.3737,7.20809,19.2607,2.5
25408,4,25,12.5,-62.5179,11.53,19.2607,2.5
25408,1,0,0,-69.299,19.4222,19.2607,2.5
25408,5,0,12.5,-70.7464,21.7019,19.2607,2.5
25408,8,25,25,-71.6347,23.2205,19.2607,2.5
25408,7,12.5,25,-71.784,23.4938,19.2607,2.5
25408,6,0,25,-74.8007,29.618,19.2607,2.5
25508,3,25,0,-54.335,6.14579,19.3857,2.5
25508,2,12.5,0,-56.5844,7.32546,19.3857,2.5
25508,4,25,12.5,-62.4479,11.4683,19.3857,2.5
25508,1,0,0,-69.382,19.5462,19.3857,2.5
25508,5,0,12.5,-70.8129,21.8129,19.3857,2.5
25508,8,25,25,-71.6175,23.1899,19.3857,2.5
25508,7,12.5,25,-71.8041,23.53,19.3857,2.5
25508,6,0,25,-74.8365,29.6994,19.3857,2.5
25608,3,25,0,-54.0914,6.03182,19.5107,2.5
25608,2,12.5,0,-56.7922,7.44308,19.5107,2.5
25608,4,25,12.5,-62.3787,11.4076,19.5107,2.5
25608,1,0,0,-69.4644,19.6702,19.5107,2.5
25608,5,0,12.5,-70.8791,21.9241,19.5107,2.5
25608,8,25,25,-71.6006,23.1599,19.5107,2.5
25608,7,12.5,25,-71.8244,23.5669,19.5107,2.5
25608,6,0,25,-74.8723,29.7811,19.5107,2.5
25708,3,25,0,-53.8441,5.91829,19.6357,2.5
25708,2,12.5,0,-56.9971,7.56093,19.6357,2.5
25708,4,25,12.5,-62.3104,11.348,19.6357,2.5
25708,1,0,0,-69.5463,19.7942,19.6357,2.5
25708,5,0,12.5,-70.9451,22.0354,19.6357,2.5
25708,8,25,25,-71.5841,23.1306,19.6357,2.5
25708,7,12.5,25,-71.8451,23.6044,19.6357,2.5
25708,6,0,25,-74.9081,29.8632,19.6357,2.5
25808,3,25,0,-53.5931,5.80523,19.7607,2.5
25808,2,12.5,0,-57.1992,7.67901,19.7607,2.5
25808,4,25,12.5,-62.2429,11.2894,19.7607,2.5
25808,1,0,0,-69.6277,19.9182,19.7607,2.5
25808,5,0,12.5,-71.0109,22.1469,19.7607,2.5
25808,8,25,25,-71.5679,23.102,19.7607,2.5
25808,7,12.5,25,-71.8661,23.6425,19.7607,2.5
25808,6,0,25,-74.944,29.9455,19.7607,2.5
25908,3,25,0,-53.3384,5.69267,19.8857,2.5
25908,2,12.5,0,-57.3987,7.79731,19.8857,2.5
25908,4,25,12.5,-62.1763,11.2319,19.8857,2.5
25908,1,0,0,-69.7086,20.0422,19.8857,2.5
25908,5,0,12.5,-71.0764,22.2585,19.8857,2.5
25908,8,25,25,-71.5521,23.0739,19.8857,2.5
25908,7,12.5,25,-71.8874,23.6812,19.8857,2.5
25908,6,0,25,-74.9799,30.0281,19.8857,2.5
26008,3,25,0,-53.0797,5.58064,20.0107,2.5
26008,2,12.5,0,-57.5954,7.91581,20.0107,2.5
26008,4,25,12.5,-62.1107,11.1756,20.0107,2.5
26008,1,0,0,-69.789,20.1662,20.0107,2.5
26008,5,0,12.5,-71.1417,22.3702,20.0107,2.5
26008,8,25,25,-71.5366,23.0466,20.0107,2.5
26008,7,12.5,25,-71.9089,23.7205,20.0107,2.5
26008,6,0,25,-75.0158,30.1111,20.0107,2.5
26108,3,25,0,-52.8172,5.46917,20.1357,2.5
26108,2,12.5,0,-57.7895,8.03451,20.1357,2.5
26108,4,25,12.5,-62.0461,11.1203,20.1357,2.5
26108,1,0,0,-69.869,20.2903,20.1357,2.5
26108,5,0,12.5,-71.2067,22.4821,20.1357,2.5
26108,8,25,25,-71.5214,23.0198,20.1357,2.5
26108,7,12.5,25,-71.9308,23.7603,20.1357,2.5
26108,6,0,25,-75.0518,30.1943,20.1357,2.5
26208,3,25,0,-52.5507,5.35829,20.2607,2.5
26208,2,12.5,0,-57.9811,8.1534,20.2607,2.5
26208,4,25,12.5,-61.9824,11.0662,20.2607,2.5
26208,1,0,0,-69.9484,20.4143,20.2607,2.5
26208,5,0,12.5,-71.2715,22.5941,20.2607,2.5
26208,8,25,25,-71.5066,22.9937,20.2607,2.5
26208,7,12.5,25,-71.953,23.8008,20.2607,2.5
26208,6,0,25,-75.0878,30.2778,20.2607,2.5
26308,3,25,0,-52.2802,5.24806,20.3857,2.5
26308,2,12.5,0,-58.1702,8.27246,20.3857,2.5
26308,4,25,12.5,-61.9198,11.0133,20.3857,2.5
26308,1,0,0,-70.0274,20.5384,20.3857,2.5
26308,5,0,12.5,-71.336,22.7063,20.3857,2.5
26308,8,25,25,-71.4922,22.9683,20.3857,2.5
26308,7,12.5,25,-71.9754,23.8418,20.3857,2.5
26308,6,0,25,-75.1238,30.3616,20.3857,2.5
26408,3,25,0,-52.0056,5.1385,20.5107,2.5
26408,2,12.5,0,-58.3569,8.39171,20.5107,2.5
26408,4,25,12.5,-61.8583,10.9615,20.5107,2.5
26408,1,0,0,-70.1059,20.6625,20.5107,2.5
26408,5,0,12.5,-71.4003,22.8186,20.5107,2.5
26408,8,25,25,-71.4781,22.9435,20.5107,2.5
26408,7,12.5,25,-71.9981,23.8835,20.5107,2.5
26408,6,0,25,-75.1598,30.4456,20.5107,2.5
26508,3,25,0,-51.7271,5.02966,20.6357,2.5
26508,2,12.5,0,-58.5412,8.51111,20.6357,2.5
26508,4,25,12.5,-61.798,10.9109,20.6357,2.5
26508,1,0,0,-70.184,20.7865,20.6357,2.5
26508,5,0,12.5,-71.4644,22.931,20.6357,2.5
26508,8,25,25,-71.4643,22.9194,20.6357,2.5
26508,7,12.5,25,-72.0211,23.9257,20.6357,2.5
26508,6,0,25,-75.1958,30.53,20.6357,2.5
26608,3,25,0,-51.4444,4.92158,20.7607,2.5
26608,2,12.5,0,-58.7231,8.63067,20.7607,2.5
26608,4,25,12.5,-61.7388,10.8615,20.7607,2.5
26608,1,0,0,-70.2616,20.9106,20.7607,2.5
26608,8,25,25,-71.4509,22.8959,20.7607,2.5
26608,5,0,12.5,-71.5282,23.0435,20.7607,2.5
26608,7,12.5,25,-72.0443,23.9685,20.7607,2.5
26608,6,0,25,-75.2319,30.6146,20.7607,2.5
26708,3,25,0,-51.1577,4.81433,20.8857,2.5
26708,2,12.5,0,-58.9028,8.75039,20.8857,2.5
26708,4,25,12.5,-61.6807,10.8133,20.8857,2.5
26708,1,0,0,-70.3387,21.0348,20.8857,2.5
26708,8,25,25,-71.4379,22.8731,20.8857,2.5
26708,5,0,12.5,-71.5918,23.1562,20.8857,2.5
26708,7,12.5,25,-72.0679,24.0119,20.8857,2.5
26708,6,0,25,-75.268,30.6995,20.8857,2.5
26808,3,25,0,-50.8669,4.70795,21.0107,2.5
26808,2,12.5,0,-59.0802,8.87025,21.0107,2.5
26808,4,25,12.5,-61.6239,10.7664,21.0107,2.5
26808,1,0,0,-70.4154,21.1589,21.0107,2.5
26808,8,25,25,-71.4253,22.8509,21.0107,2.5
26808,5,0,12.5,-71.6551,23.269,21.0107,2.5
26808,7,12.5,25,-72.0917,24.0558,21.0107,2.5
26808,6,0,25,-75.3041,30.7847,21.0107,2.5
26908,3,25,0,-50.5721,4.60251,21.1357,2.5
26908,2,12.5,0,-59.2555,8.99025,21.1357,2.5
26908,4,25,12.5,-61.5684,10.7207,21.1357,2.5
26908,1,0,0,-70.4916,21.283,21.1357,2.5
26908,8,25,25,-71.413,22.8294,21.1357,2.5
26908,5,0,12.5,-71.7182,23.382,21.1357,2.5
26908,7,12.5,25,-72.1157,24.1003,21.1357,2.5
26908,6,0,25,-75.3402,30.8702,21.1357,2.5
27008,3,25,0,-50.2734,4.49807,21.2607,2.5
27008,2,12.5,0,-59.4286,9.11039,21.2607,2.5
27008,4,25,12.5,-61.5142,10.6763,21.2607,2.5
27008,1,0,0,-70.5675,21.4071,21.2607,2.5
27008,8,25,25,-71.4011,22.8086,21.2607,2.5
27008,5,0,12.5,-71.7811,23.495,21.2607,2.5
27008,7,12.5,25,-72.14,24.1454,21.2607,2.5
27008,6,0,25,-75.3763,30.9559,21.2607,2.5
27108,3,25,0,-49.9708,4.39471,21.3857,2.5
27108,2,12.5,0,-59.5997,9.23066,21.3857,2.5
27108,4,25,12.5,-61.4614,10.6331,21.3857,2.5
27108,1,0,0,-70.6428,21.5313,21.3857,2.5
27108,8,25,25,-71.3895,22.7884,21.3857,2.5
27108,5,0,12.5,-71.8437,23.6082,21.3857,2.5
27108,7,12.5,25,-72.1646,24.191,21.3857,2.5
27108,6,0,25,-75.4125,31.0419,21.3857,2.5
27208,3,25,0,-49.6645,4.29249,21.5107,2.5
27208,2,12.5,0,-59.7687,9.35104,21.5107,2.5
27208,4,25,12.5,-61.4099,10.5913,21.5107,2.5
27208,1,0,0,-70.7178,21.6555,21.5107,2.5
27208,8,25,25,-71.3783,22.769,21.5107,2.5
27208,5,0,12.5,-71.9061,23.7215,21.5107,2.5
27208,7,12.5,25,-72.1895,24.2372,21.5107,2.5
27208,6,0,25,-75.4486,31.1281,21.5107,2.5
27308,3,25,0,-49.3547,4.19151,21.6357,2.5
27308,2,12.5,0,-59.9357,9.47155,21.6357,2.5
27308,4,25,12.5,-61.3598,10.5508,21.6357,2.5
27308,1,0,0,-70.7923,21.7796,21.6357,2.5
27308,8,25,25,-71.3675,22.7501,21.6357,2.5
27308,5,0,12.5,-71.9682,23.8349,21.6357,2.5
27308,7,12.5,25,-72.2145,24.284,21.6357,2.5
27308,6,0,25,-75.4848,31.2146,21.6357,2.5
27408,3,25,0,-49.0414,4.09186,21.7607,2.5
27408,2,12.5,0,-60.1007,9.59218,21.7607,2.5
27408,4,25,12.5,-61.3112,10.5116,21.7607,2.5
27408,1,0,0,-70.8664,21.9038,21.7607,2.5
27408,8,25,25,-71.3571,22.732,21.7607,2.5
27408,5,0,12.5,-72.0302,23.9484,21.7607,2.5
27408,7,12.5,25,-72.2399,24.3313,21.7607,2.5
27408,6,0,25,-75.5209,31.3014,21.7607,2.5
27508,3,25,0,-48.7251,3.99363,21.8857,2.5
27508,2,12.5,0,-60.2638,9.71291,21.8857,2.5
27508,4,25,12.5,-61.2641,10.4737,21.8857,2.5
27508,1,0,0,-70.9401,22.028,21.8857,2.5
27508,8,25,25,-71.347,22.7145,21.8857,2.5
27508,5,0,12.5,-72.0919,24.062,21.8857,2.5
27508,7,12.5,25,-72.2655,24.3791,21.8857,2.5
27508,6,0,25,-75.5571,31.3884,21.8857,2.5
27608,3,25,0,-48.406,3.89694,22.0107,2.5
27608,2,12.5,0,-60.4251,9.83375,22.0107,2.5
27608,4,25,12.5,-61.2185,10.4372,22.0107,2.5
27608,1,0,0,-71.0134,22.1522,22.0107,2.5
27608,8,25,25,-71.3374,22.6977,22.0107,2.5
27608,5,0,12.5,-72.1533,24.1758,22.0107,2.5
27608,7,12.5,25,-72.2913,24.4275,22.0107,2.5
27608,6,0,25,-75.5933,31.4757,22.0107,2.5
27708,3,25,0,-48.0845,3.8019,22.1357,2.5
27708,2,12.5,0,-60.5845,9.9547,22.1357,2.5
27708,4,25,12.5,-61.1744,10.4021,22.1357,2.5
27708,1,0,0,-71.0863,22.2764,22.1357,2.5
27708,8,25,25,-71.3281,22.6816,22.1357,2.5
27708,5,0,12.5,-72.2146,24.2897,22.1357,2.5
27708,7,12.5,25,-72.3173,24.4764,22.1357,2.5
27708,6,0,25,-75.6295,31.5632,22.1357,2.5
27808,3,25,0,-47.761,3.70863,22.2607,2.5
27808,2,12.5,0,-60.7421,10.0757,22.2607,2.5
27808,4,25,12.5,-61.132,10.3684,22.2607,2.5
27808,1,0,0,-71.1588,22.4006,22.2607,2.5
27808,8,25,25,-71.3192,22.6661,22.2607,2.5
27808,5,0,12.5,-72.2756,24.4036,22.2607,2.5
27808,7,12.5,25,-72.3436,24.5259